no,url_id,link,location_name,category,address,rating,number_of_ratings,price_range_per_person,reported_by_people,range_price,percentage,monday_open,monday_close,tuesday_open,tuesday_close,wednesday_open,wednesday_close,thursday_open,thursday_close,friday_open,friday_close,saturday_open,saturday_close,sunday_open,sunday_close
1,0x2e69c53d5208fc01:0x1b63a9420478855a,https://www.google.com/maps/place/HAGU+Coffee+%26+Space/data=!4m7!3m6!1s0x2e69c53d5208fc01:0x1b63a9420478855a!8m2!3d-6.5915131!4d106.8080215!16s%2Fg%2F11rtd2crjx!19sChIJAfwIUj3FaS4RWoV4BEKpYxs?authuser=0&hl=en&rclk=1,"HAGU Coffee & Space","Coffee shop","Jl. Sancang. 22 A RT 003/007, Babakan, Bogor Tengah, Bogor City, West Java 16128",4.7,1083,"Rp 25-50K",371,"Rp 1-25.000, Rp 25.000-50.000, Rp 50.000-75.000, Rp 75.000-100.000","0%, 40%, 37%, 13%",NULL,NULL,NULL,NULL,NULL,NULL,NULL,NULL,NULL,NULL,NULL,NULL,NULL,NULL
2,0x2e69c5c5293059b1:0x84015caeca01df5f,https://www.google.com/maps/place/Third+Wave+Coffee+Co+Indonesia/data=!4m7!3m6!1s0x2e69c5c5293059b1:0x84015caeca01df5f!8m2!3d-6.5993439!4d106.8056651!16s%2Fg%2F11g9w5bbr_!19sChIJsVkwKcXFaS4RX98Byq5cAYQ?authuser=0&hl=en&rclk=1,"Third Wave Coffee Co Indonesia","Coffee shop","Jl. Prof. DR. H. Andi Hakim Nasoetion No.1, Tegallega, Kecamatan Bogor Tengah, Kota Bogor, Jawa Barat 16129",4.6,1870,"Rp 25-50K",254,"Rp 1-25.000, Rp 25.000-50.000, Rp 50.000-75.000, Rp 75.000-100.000","4%, 51%, 28%, 12%","8.00 am","10.00 pm","8.00 am","10.00 pm","8.00 am","10.00 pm","8.00 am","10.00 pm","8.00 am","10.00 pm","8.00 am","10.00 pm","8.00 am","10.00 pm"
3,0x2e69c53a5859bc51:0xb3125d7d1fcd8010,https://www.google.com/maps/place/COFFEERIGHT+-+A.+YANI+BOGOR/data=!4m7!3m6!1s0x2e69c53a5859bc51:0xb3125d7d1fcd8010!8m2!3d-6.5746463!4d106.800988!16s%2Fg%2F11t8bsrttl!19sChIJUbxZWDrFaS4REIDNH31dErM?authuser=0&hl=en&rclk=1,"COFFEERIGHT - A. YANI BOGOR","Coffee shop","Jl. A. Yani No.29A, Tanah Sareal, Kec. Tanah Sereal, Kota Bogor, Jawa Barat 16161",4.6,302,"Rp 25-75K",149,"Rp 1-25.000, Rp 25.000-75.000, Rp 75.000-125.000","1%, 77%, 17%","7.00 am","10.00 pm","7.00 am","10.00 pm","7.00 am","10.00 pm","7.00 am","10.00 pm","7.00 am","11.00 pm","7.00 am","11.00 pm","7.00 am","10.00 pm"
4,0x2e69c5ce8c1e2a17:0x7a3efefd03c4b109,https://www.google.com/maps/place/MARACA+BOOKS+AND+COFFEE/data=!4m7!3m6!1s0x2e69c5ce8c1e2a17:0x7a3efefd03c4b109!8m2!3d-6.5932014!4d106.8030081!16s%2Fg%2F11clsc5kn7!19sChIJFyoejM7FaS4RCbHEA_3-Pno?authuser=0&hl=en&rclk=1,"MARACA BOOKS AND COFFEE",Cafe,"Jl. Jalak Harupat No.9a, Babakan, Kecamatan Bogor Tengah, Kota Bogor, Jawa Barat 16122",4.7,780,"Rp 25-50K",148,"Rp 1-25.000, Rp 25.000-50.000, Rp 50.000-75.000, Rp 75.000-100.000","5%, 54%, 30%, 7%","6.30 am","10.00 pm","6.30 am","10.00 pm","6.30 am","10.00 pm","6.30 am","10.00 pm","6.30 am","10.00 pm","6.30 am","10.00 pm","6.30 am","10.00 pm"
5,0x2e69c54608259df3:0xa55ecaa4b2fa0281,https://www.google.com/maps/place/Tanmu+Coffee/data=!4m7!3m6!1s0x2e69c54608259df3:0xa55ecaa4b2fa0281!8m2!3d-6.611064!4d106.8142145!16s%2Fg%2F11nmphf384!19sChIJ850lCEbFaS4RgQL6sqTKXqU?authuser=0&hl=en&rclk=1,"Tanmu Coffee","Coffee shop","Jl. Pajajaran Indah V No.38, RT.01/RW.11, Baranangsiang, Kec. Bogor Tim., Kota Bogor, Jawa Barat 16143",4.6,861,"Rp 25-50K",250,"Rp 1-25.000, Rp 25.000-50.000, Rp 50.000-75.000, Rp 75.000-100.000","2%, 40%, 30%, 17%","7.00 am","1.00 am","7.00 am","12.00 am","7.00 am","1.00 am","7.00 am","1.00 am","6.00 am","3.00 am","6.00 am","3.00 am","7.00 am","1.00 am"
6,0x2e69c7bb70c7afc1:0x31d54fe1ccb1aa1a,https://www.google.com/maps/place/Cabin+Coffee+Bogor/data=!4m7!3m6!1s0x2e69c7bb70c7afc1:0x31d54fe1ccb1aa1a!8m2!3d-6.6108598!4d106.8199169!16s%2Fg%2F11jrp_rkxl!19sChIJwa_HcLvHaS4RGqqxzOFP1TE?authuser=0&hl=en&rclk=1,"Cabin Coffee Bogor","Coffee shop","Jl. Kol. Ahmad Syam, RT.02/RW.05, Katulampa, Kec. Bogor Tim., Kota Bogor, Jawa Barat 16144",4.7,263,"Rp 25-50K",37,"Rp 1-25.000, Rp 25.000-50.000, Rp 50.000-75.000","8%, 68%, 16%","9.00 am","11.00 pm","9.00 am","11.00 pm","9.00 am","11.00 pm","9.00 am","11.00 pm","9.00 am","11.00 pm","8.00 am","12.00 am","8.00 am","12.00 am"
7,0x2e69c5878cc9b00f:0x1d4c15e858d5bc53,https://www.google.com/maps/place/Kopitagram+-+Malabar/data=!4m7!3m6!1s0x2e69c5878cc9b00f:0x1d4c15e858d5bc53!8m2!3d-6.5948743!4d106.8062927!16s%2Fg%2F11smtzzhtj!19sChIJD7DJjIfFaS4RU7zVWOgVTB0?authuser=0&hl=en&rclk=1,"Kopitagram - Malabar","Coffee shop","Jl. Malabar Ujung No.1, Babakan, Kecamatan Bogor Tengah, Kota Bogor, Jawa Barat 16128",4.6,1218,"Rp 50-75K",451,"Rp 25.000-50.000, Rp 50.000-75.000, Rp 75.000-100.000","31%, 39%, 20%","8.00 am","11.00 pm","8.00 am","11.00 pm","8.00 am","11.00 pm","8.00 am","11.00 pm","8.00 am","11.00 pm","8.00 am","11.00 pm","8.00 am","11.00 pm"
8,0x2e69c51e4b6fde1b:0x61ded53eead48692,https://www.google.com/maps/place/KOBA+Coffee.id/data=!4m7!3m6!1s0x2e69c51e4b6fde1b:0x61ded53eead48692!8m2!3d-6.6007363!4d106.7922251!16s%2Fg%2F11hzsldwlp!19sChIJG95vSx7FaS4RkobU6j7V3mE?authuser=0&hl=en&rclk=1,"KOBA Coffee.id","Coffee shop","Jl. Paledang No.41, Paledang, Kecamatan Bogor Tengah, Kota Bogor, Jawa Barat 16122",4.6,1169,"Rp 50-75K",231,"Rp 25.000-50.000, Rp 50.000-75.000, Rp 75.000-100.000","36%, 38%, 16%","8.00 am","10.00 pm","8.00 am","10.00 pm","8.00 am","10.00 pm","8.00 am","10.00 pm","8.00 am","10.00 pm","8.00 am","10.00 pm","8.00 am","10.00 pm"
9,0x2e69c5e7bd65a53f:0x2b7130985b1e0ce5,https://www.google.com/maps/place/FOUR+CORNERS+-+Coffee+Shop+Bogor/data=!4m7!3m6!1s0x2e69c5e7bd65a53f:0x2b7130985b1e0ce5!8m2!3d-6.5892521!4d106.7853718!16s%2Fg%2F11rvjtxtzp!19sChIJP6VlvefFaS4R5QweW5gwcSs?authuser=0&hl=en&rclk=1,"FOUR CORNERS - Coffee Shop Bogor","Coffee shop","Jl. DR. Sumeru No.44, Kota, Kec. Bogor Bar., Kota Bogor, Jawa Barat 16111",4.8,245,"Rp 25-50K",102,"Rp 1-25.000, Rp 25.000-50.000, Rp 50.000-75.000","1%, 62%, 28%",NULL,NULL,NULL,NULL,NULL,NULL,NULL,NULL,NULL,NULL,NULL,NULL,NULL,NULL
10,0x2e69c7010fcd4da3:0x870740fa1a2dc345,https://www.google.com/maps/place/HAFA+Coffee+%26+Kitchen/data=!4m7!3m6!1s0x2e69c7010fcd4da3:0x870740fa1a2dc345!8m2!3d-6.5744574!4d106.8178475!16s%2Fg%2F11fkwd2d6f!19sChIJo03NDwHHaS4RRcMtGvpAB4c?authuser=0&hl=en&rclk=1,"HAFA Coffee & Kitchen",Cafe,"Jl. Pandu Raya No.3 blok G2, Tegal Gundil, Kec. Bogor Utara, Kota Bogor, Jawa Barat 16152",4.7,1894,"Rp 25-75K",295,"Rp 1-25.000, Rp 25.000-75.000, Rp 75.000-125.000","2%, 61%, 28%","7.00 am","11.00 pm","7.00 am","11.00 pm","7.00 am","11.00 pm","7.00 am","11.00 pm","7.00 am","11.00 pm","7.00 am","11.00 pm","7.00 am","11.00 pm"
11,0x2e69c5a66136c5ed:0x42e0364a9e3179d9,https://www.google.com/maps/place/Anami+Coffee/data=!4m7!3m6!1s0x2e69c5a66136c5ed:0x42e0364a9e3179d9!8m2!3d-6.575703!4d106.8000686!16s%2Fg%2F11rwqrqkjz!19sChIJ7cU2YabFaS4R2Xkxnko24EI?authuser=0&hl=en&rclk=1,"Anami Coffee","Coffee shop","Jl. A. Yani No.15, Tanah Sareal, Kec. Tanah Sereal, Kota Bogor, Jawa Barat 16161",4.6,504,"Rp 25-50K",188,"Rp 1-25.000, Rp 25.000-50.000, Rp 50.000-75.000, Rp 75.000-100.000","1%, 59%, 28%, 9%","Open 24 hours","Open 24 hours","Open 24 hours","Open 24 hours","Open 24 hours","Open 24 hours","Open 24 hours","Open 24 hours","Open 24 hours","Open 24 hours","Open 24 hours","Open 24 hours","Open 24 hours","Open 24 hours"
12,0x2e69c5dc48dd1d1f:0x2915970b5758ac1f,https://www.google.com/maps/place/Awal+Mula+Coffee/data=!4m7!3m6!1s0x2e69c5dc48dd1d1f:0x2915970b5758ac1f!8m2!3d-6.6043804!4d106.8102878!16s%2Fg%2F11ggc28kw0!19sChIJHx3dSNzFaS4RH6xYVwuXFSk?authuser=0&hl=en&rclk=1,"Awal Mula Coffee","Coffee shop","Jl. Binamarga II No.5A, Baranangsiang, Kec. Bogor Tim., Kota Bogor, Jawa Barat 16143",4.7,1379,"Rp 25-50K",163,"Rp 1-25.000, Rp 25.000-50.000, Rp 50.000-75.000, Rp 75.000-100.000","2%, 45%, 34%, 9%","9.00 am","9.00 pm","9.00 am","9.00 pm","9.00 am","9.00 pm","9.00 am","9.00 pm","9.00 am","10.00 pm","9.00 am","10.00 pm","9.00 am","9.00 pm"
13,0x2e69c5ddc12bd873:0x6a6781329e0cafd9,https://www.google.com/maps/place/POPOLO+Coffee/data=!4m7!3m6!1s0x2e69c5ddc12bd873:0x6a6781329e0cafd9!8m2!3d-6.6055017!4d106.810707!16s%2Fg%2F11c1nyb4nx!19sChIJc9grwd3FaS4R2a8MnjKBZ2o?authuser=0&hl=en&rclk=1,"POPOLO Coffee","Coffee shop","Jl. Loader No.9, Baranangsiang, Kec. Bogor Tim., Kota Bogor, Jawa Barat 16143",4.6,3690,"Rp 25-50K",280,"Rp 1-25.000, Rp 25.000-50.000, Rp 50.000-75.000, Rp 75.000-100.000","0%, 42%, 39%, 10%","9.00 am","8.00 pm","9.00 am","8.00 pm","9.00 am","8.00 pm","9.00 am","8.00 pm","9.00 am","8.00 pm","9.00 am","8.00 pm",Closed,Closed
14,0x2e69c5cf6fe1be11:0xe627bc0163f8be31,https://www.google.com/maps/place/Agreya+Coffee+-+Bogor/data=!4m7!3m6!1s0x2e69c5cf6fe1be11:0xe627bc0163f8be31!8m2!3d-6.5924597!4d106.816228!16s%2Fg%2F11tgd4hmx3!19sChIJEb7hb8_FaS4RMb74YwG8J-Y?authuser=0&hl=en&rclk=1,"Agreya Coffee - Bogor",Restaurant,"Jl. Kol. Enjo Martadisastra Jl. Kol. Ahmad Syam No.45 E, RT.04/RW.10, Tanah Baru, Kec. Bogor Utara, Kota Bogor, Jawa Barat 16154",4.7,2675,"Rp 50-100K",819,"Rp 1-50.000, Rp 50.000-100.000, Rp 100.000-150.000","15%, 58%, 18%","6.00 am","1.00 am","6.00 am","1.00 am","6.00 am","1.00 am","6.00 am","1.00 am","6.00 am","1.00 am","6.00 am","1.00 am","6.00 am","1.00 am"
15,0x2e69c5004fbdc1ad:0x8be9ac109d2c24c1,https://www.google.com/maps/place/Lorong+Temu+Coffee+%26+Eatery/data=!4m7!3m6!1s0x2e69c5004fbdc1ad:0x8be9ac109d2c24c1!8m2!3d-6.5702616!4d106.8034132!16s%2Fg%2F11vrky0416!19sChIJrcG9TwDFaS4RwSQsnRCs6Ys?authuser=0&hl=en&rclk=1,"Lorong Temu Coffee & Eatery","Coffee shop","Jl. Bangau No.22, Tanah Sareal, Kec. Tanah Sereal, Kota Bogor, Jawa Barat 16161",4.9,866,"Rp 25-50K",166,"Rp 1-25.000, Rp 25.000-50.000, Rp 50.000-75.000","8%, 70%, 17%","9.00 am","11.00 pm","9.00 am","11.00 pm","9.00 am","11.00 pm","9.00 am","11.00 pm","9.00 am","11.00 pm","9.00 am","11.00 pm","9.00 am","11.00 pm"
16,0x2e69c5b702e25859:0x94875b7694fb26b2,https://www.google.com/maps/place/The+Gade+Coffee+%26+Gold+Bogor/data=!4m7!3m6!1s0x2e69c5b702e25859:0x94875b7694fb26b2!8m2!3d-6.584385!4d106.7878394!16s%2Fg%2F11g2wt7g_v!19sChIJWVjiArfFaS4Rsib7lHZbh5Q?authuser=0&hl=en&rclk=1,"The Gade Coffee & Gold Bogor",Cafe,"Jalan Merdeka No.156 RT.1/RW.5, RT.01/RW.05, Ciwaringin, Kecamatan Bogor Tengah, Kota Bogor, Jawa Barat 16111",4.8,699,"Rp 25-50K",63,"Rp 1-25.000, Rp 25.000-50.000, Rp 50.000-75.000","11%, 54%, 24%","8.00 am","10.00 pm","8.00 am","10.00 pm","8.00 am","10.00 pm","8.00 am","10.00 pm","8.00 am","10.00 pm","8.00 am","10.00 pm",1.00,"9.00 pm"
17,0x2e69c5d56ded4ebb:0xe61c6623e8de56fe,https://www.google.com/maps/place/Baked+%26+Brewed+Coffee+and+Kitchen/data=!4m7!3m6!1s0x2e69c5d56ded4ebb:0xe61c6623e8de56fe!8m2!3d-6.5921575!4d106.8022838!16s%2Fg%2F11cm0gzq19!19sChIJu07tbdXFaS4R_lbe6CNmHOY?authuser=0&hl=en&rclk=1,"Baked & Brewed Coffee and Kitchen","Coffee shop","Jl. Salak No.6, Babakan, Kecamatan Bogor Tengah, Kota Bogor, Jawa Barat 16152",4.6,1896,"Rp 50-75K",164,"Rp 25.000-50.000, Rp 50.000-75.000, Rp 75.000-100.000, Rp 100.000-125.000","30%, 44%, 15%, 7%","8.00 am","10.00 pm","8.00 am","10.00 pm","8.00 am","10.00 pm","8.00 am","10.00 pm","8.00 am","10.00 pm","8.00 am","10.00 pm","8.00 am","10.00 pm"
18,0x2e69c5d6a908bdf9:0xfdf82d4354e02ebc,https://www.google.com/maps/place/Rumah+Seduh+Coffee+and+Kitchen/data=!4m7!3m6!1s0x2e69c5d6a908bdf9:0xfdf82d4354e02ebc!8m2!3d-6.5913578!4d106.8074248!16s%2Fg%2F11dzdttr1m!19sChIJ-b0IqdbFaS4RvC7gVEMt-P0?authuser=0&hl=en&rclk=1,"Rumah Seduh Coffee and Kitchen",Cafe,"Jl. Sancang No.16, RT.03/RW.07, Babakan, Kecamatan Bogor Tengah, Kota Bogor, Jawa Barat 16128",4.6,1191,"Rp 25-50K",121,"Rp 1-25.000, Rp 25.000-50.000, Rp 50.000-75.000, Rp 75.000-100.000, Rp 100.000-125.000","2%, 41%, 31%, 16%, 7%","8.00 am","10.00 pm","8.00 am","10.00 pm","8.00 am","10.00 pm","8.00 am","10.00 pm","8.00 am","10.00 pm","8.00 am","10.00 pm","8.00 am","10.00 pm"
19,0x2e69c7e7a91ace57:0x49c19f197b83c8fa,https://www.google.com/maps/place/Kedai+Kopi+Handoko/data=!4m7!3m6!1s0x2e69c7e7a91ace57:0x49c19f197b83c8fa!8m2!3d-6.5996647!4d106.8178428!16s%2Fg%2F11mbq23qwx!19sChIJV84aqefHaS4R-siDexmfwUk?authuser=0&hl=en&rclk=1,"Kedai Kopi Handoko","Coffee shop","Jl. Kolonel Martadisastra Jl. Kol. Ahmad Syam, Baranangsiang, Kec. Bogor Tim., Kota Bogor, Jawa Barat 16154",4.7,719,"Rp 25-50K",80,"Rp 1-25.000, Rp 25.000-50.000, Rp 50.000-75.000, Rp 75.000-100.000","1%, 64%, 28%, 6%","9.00 am","12.00 am","9.00 am","12.00 am","9.00 am","12.00 am","9.00 am","12.00 am","9.00 am","2.00 am","9.00 am","2.00 am","9.00 am","2.00 am"
20,0x2e69c5e0d8cfb4c7:0x9207fc3f0a71eea6,https://www.google.com/maps/place/Kopi+Nako+%26+Warung+Nako+Padjajaran/data=!4m7!3m6!1s0x2e69c5e0d8cfb4c7:0x9207fc3f0a71eea6!8m2!3d-6.609612!4d106.8130402!16s%2Fg%2F11ggr7q8tc!19sChIJx7TP2ODFaS4Rpu5xCj_8B5I?authuser=0&hl=en&rclk=1,"Kopi Nako & Warung Nako Padjajaran","Coffee shop","Jl. Pajajaran Indah V No.7, Baranangsiang, Kec. Bogor Tim., Kota Bogor, Jawa Barat 16143",4.6,7608,"Rp 25-50K",746,"Rp 1-25.000, Rp 25.000-50.000, Rp 50.000-75.000, Rp 75.000-100.000","7%, 56%, 21%, 9%","8.00 am","12.00 am","8.00 am","12.00 am","8.00 am","12.00 am","8.00 am","12.00 am","8.00 am","2.00 am","8.00 am","2.00 am","8.00 am","12.00 am"
21,0x2e69c582160de719:0x4f753371f143b08a,https://www.google.com/maps/place/shu+coffee/data=!4m7!3m6!1s0x2e69c582160de719:0x4f753371f143b08a!8m2!3d-6.5920881!4d106.7880895!16s%2Fg%2F11sr0wdhk6!19sChIJGecNFoLFaS4RirBD8XEzdU8?authuser=0&hl=en&rclk=1,"shu coffee","Coffee shop","Jl. Merdeka No.78, RT.01/RW.02, Ciwaringin, Kecamatan Bogor Tengah, Kota Bogor, Jawa Barat 16124",4.7,265,"Rp 25-50K",104,"Rp 1-25.000, Rp 25.000-50.000, Rp 50.000-75.000, Rp 75.000-100.000, Rp 100.000-125.000","3%, 57%, 27%, 6%, 6%","8.00 am","10.00 pm",1.30,"10.00 pm",1.30,"10.00 pm","8.00 am","10.00 pm","7.00 am","10.00 pm","7.00 am","10.00 pm","7.00 am","10.00 pm"
22,0x2e69c594b227714d:0x4986dff7cbbf2445,https://www.google.com/maps/place/Tsuin+Bogor+Raya+at+Padi+Space/data=!4m7!3m6!1s0x2e69c594b227714d:0x4986dff7cbbf2445!8m2!3d-6.5976351!4d106.8189419!16s%2Fg%2F11qq3kfmf5!19sChIJTXEnspTFaS4RRSS_y_ffhkk?authuser=0&hl=en&rclk=1,"Tsuin Bogor Raya at Padi Space",Cafe,"Jl. Kp. Sawah No.2, Tanah Baru, Kec. Bogor Utara, Kota Bogor, Jawa Barat 16154",4.7,464,"Rp 50-75K",130,"Rp 25.000-50.000, Rp 50.000-75.000, Rp 75.000-100.000, Rp 100.000-125.000","28%, 45%, 10%, 11%","7.00 am","11.00 pm","7.00 am","11.00 pm","7.00 am","11.00 pm","7.00 am","11.00 pm","7.00 am","11.00 pm","8.00 am","1.00 am","7.00 am","11.00 pm"
23,0x2e69c545bcecd265:0xeed048e4105f8965,https://www.google.com/maps/place/LATERRA+CAFE/data=!4m7!3m6!1s0x2e69c545bcecd265:0xeed048e4105f8965!8m2!3d-6.5724473!4d106.742097!16s%2Fg%2F11j3xd2247!19sChIJZdLsvEXFaS4RZYlfEORI0O4?authuser=0&hl=en&rclk=1,"LATERRA CAFE","Coffee shop","Jl. Raya Dramaga No.1, Margajaya, Kec. Bogor Bar., Kota Bogor, Jawa Barat 16116",4.4,732,"Rp 25-50K",80,"Rp 1-25.000, Rp 25.000-50.000, Rp 50.000-75.000, Rp 75.000-100.000","8%, 38%, 29%, 13%","7.30 am","11.30 pm","7.30 am","11.30 pm","7.30 am","11.30 pm","7.30 am","11.30 pm","7.30 am","11.30 pm","7.30 am","11.30 pm","7.30 am","11.30 pm"
24,0x2e69c5b33a958fb7:0x5e3333deaba3109f,https://www.google.com/maps/place/Dimitree+Cafe/data=!4m7!3m6!1s0x2e69c5b33a958fb7:0x5e3333deaba3109f!8m2!3d-6.5895609!4d106.802522!16s%2Fg%2F11h23n5m5n!19sChIJt4-VOrPFaS4RnxCjq94zM14?authuser=0&hl=en&rclk=1,"Dimitree Cafe","Coffee shop","Jl. Pangrango No.5, RT.04/RW.04, Babakan, Kecamatan Bogor Tengah, Kota Bogor, Jawa Barat 16128",4.5,1010,NULL,NULL,NULL,NULL,"10.00 am","11.00 pm","10.00 am","11.00 pm","10.00 am","11.00 pm","10.00 am","11.00 pm","8.00 am","11.00 pm","8.00 am","11.00 pm","8.00 am","11.00 pm"
25,0x2e69c5430e739913:0xfb551380fc19a68f,https://www.google.com/maps/place/Miru+Coffee/data=!4m7!3m6!1s0x2e69c5430e739913:0xfb551380fc19a68f!8m2!3d-6.6117969!4d106.8143544!16s%2Fg%2F11k3lnwfll!19sChIJE5lzDkPFaS4Rj6YZ_IATVfs?authuser=0&hl=en&rclk=1,"Miru Coffee",Cafe,"Jl. Pajajaran Indah No.7, Baranangsiang, Kec. Bogor Tim., Kota Bogor, Jawa Barat 16143",4.5,316,"Rp 25-75K",182,"Rp 1-25.000, Rp 25.000-75.000, Rp 75.000-125.000","2%, 59%, 33%","7.00 am","9.00 pm","7.00 am","9.00 pm","7.00 am","9.00 pm","7.00 am","9.00 pm","7.00 am","10.00 pm","7.00 am","10.00 pm","7.00 am","10.00 pm"
26,0x2e69c52b086f46e9:0xdfe942b2c57eb7e3,https://www.google.com/maps/place/MODESTO+Coffee+%26+Tea/data=!4m7!3m6!1s0x2e69c52b086f46e9:0xdfe942b2c57eb7e3!8m2!3d-6.5822142!4d106.7880193!16s%2Fg%2F11r3rvvxdw!19sChIJ6UZvCCvFaS4R47d-xbJC6d8?authuser=0&hl=en&rclk=1,"MODESTO Coffee & Tea","Coffee shop","Jl. Tentara Pelajar Jl. Balitro No.4, RT.03/RW.5, Ciwaringin, Kecamatan Bogor Tengah, Kota Bogor, Jawa Barat 16111",4.9,75,"Rp 25-50K",16,"Rp 1-25.000, Rp 25.000-50.000, Rp 50.000-75.000","31%, 50%, 19%","9.00 am","12.00 am","9.00 am","12.00 am","9.00 am","12.00 am","9.00 am","12.00 am","9.00 am","2.00 am","9.00 am","2.00 am","9.00 am","2.00 am"
27,0x2e69c54a9e78b82f:0x605a4f56009163b1,https://www.google.com/maps/place/Fanaticoffee+-+Coffeetaria/data=!4m7!3m6!1s0x2e69c54a9e78b82f:0x605a4f56009163b1!8m2!3d-6.6073095!4d106.8016274!16s%2Fg%2F11gnq0yhwt!19sChIJL7h4nkrFaS4RsWORAFZPWmA?authuser=0&hl=en&rclk=1,"Fanaticoffee - Coffeetaria","Coffee shop","Suryakencana St No.172, Gudang, Bogor Tengah, Bogor City, West Java 16123",4.7,937,"Rp 25-50K",217,"Rp 1-25.000, Rp 25.000-50.000, Rp 50.000-75.000","7%, 71%, 15%","9.00 am","11.00 pm","9.00 am","11.00 pm","9.00 am","11.00 pm","9.00 am","11.00 pm","9.00 am","10.00 pm","9.00 am","11.00 pm","7.00 am","10.00 pm"
28,0x2e69c5fd67f95d3f:0x48c02356afb9a70c,https://www.google.com/maps/place/KOPI+TUGOH+SIGNATURE/data=!4m7!3m6!1s0x2e69c5fd67f95d3f:0x48c02356afb9a70c!8m2!3d-6.5887213!4d106.8046859!16s%2Fg%2F11k0sm8_h5!19sChIJP135Z_3FaS4RDKe5r1YjwEg?authuser=0&hl=en&rclk=1,"KOPI TUGOH SIGNATURE","Coffee shop","Jl. Raya Pajajaran No.2, RT.02/RW.04, Babakan, Kecamatan Bogor Tengah, Kota Bogor, Jawa Barat 16128",4.6,2385,"Rp 50-100K",467,"Rp 1-50.000, Rp 50.000-100.000, Rp 100.000-150.000","22%, 59%, 12%","8.00 am","10.00 pm","8.00 am","10.00 pm","8.00 am","10.00 pm","8.00 am","10.00 pm","7.00 am","11.00 pm","7.00 am","11.00 pm","8.00 am","10.00 pm"
29,0x2e69c5a8cd930667:0x3bf9b6569acdc3bc,https://www.google.com/maps/place/TR+Coffee/data=!4m7!3m6!1s0x2e69c5a8cd930667:0x3bf9b6569acdc3bc!8m2!3d-6.6097913!4d106.8131365!16s%2Fg%2F11ny2cc16r!19sChIJZwaTzajFaS4RvMPNmla2-Ts?authuser=0&hl=en&rclk=1,"TR Coffee","Coffee shop","Jl. Pajajaran Indah V No.8, RT.01/RW.11, Baranangsiang, Kec. Bogor Tim., Kota Bogor, Jawa Barat 16143",4.9,489,"Rp 25-50K",86,"Rp 1-25.000, Rp 25.000-50.000, Rp 50.000-75.000","8%, 53%, 26%","Open 24 hours","Open 24 hours","Open 24 hours","Open 24 hours","Open 24 hours","Open 24 hours","Open 24 hours","Open 24 hours","Open 24 hours","Open 24 hours","Open 24 hours","Open 24 hours","Open 24 hours","Open 24 hours"
30,0x2e69c5fa64d77c1d:0xaee200aa8b95fdbe,https://www.google.com/maps/place/TOMORO+COFFEE+-+Pandu+Raya+Bogor/data=!4m7!3m6!1s0x2e69c5fa64d77c1d:0xaee200aa8b95fdbe!8m2!3d-6.5870134!4d106.8165136!16s%2Fg%2F11txbfq12g!19sChIJHXzXZPrFaS4Rvv2Vi6oA4q4?authuser=0&hl=en&rclk=1,"TOMORO COFFEE - Pandu Raya Bogor","Coffee shop","Achmad Adnawijaya St No.113a, RT.02/RW.16, Tegal Gundil, Bogor Utara, Bogor City, West Java 16152",4.8,519,"Rp 25-50K",151,"Rp 1-25.000, Rp 25.000-50.000, Rp 50.000-75.000","38%, 51%, 10%","7.00 am","10.00 pm","7.00 am","10.00 pm","7.00 am","10.00 pm","7.00 am","10.00 pm","7.00 am","10.00 pm","7.00 am","10.00 pm","7.00 am","10.00 pm"
31,0x2e69c6e6418d4b41:0x9b69e5b554e6cc0d,https://www.google.com/maps/place/Anthology+Coffee+And+Tea/data=!4m7!3m6!1s0x2e69c6e6418d4b41:0x9b69e5b554e6cc0d!8m2!3d-6.5753676!4d106.8644623!16s%2Fg%2F11hd9cr875!19sChIJQUuNQebGaS4RDczmVLXlaZs?authuser=0&hl=en&rclk=1,"Anthology Coffee And Tea",Cafe,"Komplek Danau Teratai Jl. MH. Thamrin, RT.03/RW.08, Cijayanti, Kec. Babakan Madang, Kabupaten Bogor, Jawa Barat 16810",4.5,3332,"Rp 25-50K",259,"Rp 1-25.000, Rp 25.000-50.000, Rp 50.000-75.000, Rp 75.000-100.000","2%, 44%, 31%, 14%","8.00 am","8.00 pm","8.00 am","8.00 pm","8.00 am","8.00 pm","8.00 am","8.00 pm","8.00 am","8.00 pm","7.00 am","8.00 pm","7.00 am","8.00 pm"
32,0x2e69c50ea743958d:0x11159dbf65624a52,https://www.google.com/maps/place/Volcan+Coffee+%26+Space/data=!4m7!3m6!1s0x2e69c50ea743958d:0x11159dbf65624a52!8m2!3d-6.5850479!4d106.804463!16s%2Fg%2F11m898ykn8!19sChIJjZVDpw7FaS4RUkpiZb-dFRE?authuser=0&hl=en&rclk=1,"Volcan Coffee & Space",Cafe,"Jl. Guntur No.34, Babakan, Kecamatan Bogor Tengah, Kota Bogor, Jawa Barat 16128",4.7,300,"Rp 25-50K",67,"Rp 1-25.000, Rp 25.000-50.000, Rp 50.000-75.000, Rp 75.000-100.000","0%, 60%, 25%, 15%","9.00 am","11.00 pm","9.00 am","11.00 pm","9.00 am","11.00 pm","9.00 am","11.00 pm","9.00 am","11.00 pm","9.00 am","11.00 pm","9.00 am","11.00 pm"
33,0x2e69c5c73d7177d3:0x76ad2711cbfad595,https://www.google.com/maps/place/Lumos+Coffee+Studio/data=!4m7!3m6!1s0x2e69c5c73d7177d3:0x76ad2711cbfad595!8m2!3d-6.5694265!4d106.7772017!16s%2Fg%2F11qqv7gv_v!19sChIJ03dxPcfFaS4RldX6yxEnrXY?authuser=0&hl=en&rclk=1,"Lumos Coffee Studio","Coffee shop","Jl. Bambu Raya No.22, RT.05/RW.11, Cilendek Tim., Kec. Bogor Bar., Kota Bogor, Jawa Barat 16112",4.9,176,"Rp 25-50K",32,"Rp 1-25.000, Rp 25.000-50.000, Rp 50.000-75.000","34%, 63%, 3%","9.00 am","10.00 pm","9.00 am","10.00 pm","9.00 am","10.00 pm","9.00 am","10.00 pm","9.00 am","10.00 pm","9.00 am","10.00 pm","9.00 am","10.00 pm"
34,0x2e69c560b2e248e3:0x2583b299263ef7ce,https://www.google.com/maps/place/EveryThey+Coffee+and+Plant/data=!4m7!3m6!1s0x2e69c560b2e248e3:0x2583b299263ef7ce!8m2!3d-6.5801637!4d106.7509668!16s%2Fg%2F11smttcy3z!19sChIJ40jismDFaS4Rzvc-JpmygyU?authuser=0&hl=en&rclk=1,"EveryThey Coffee and Plant","Coffee shop","CQ92+WFJ, Jl. Sawah Baru No.85, Laladon, Kec. Ciomas, Kabupaten Bogor, Jawa Barat 16610",4.7,738,"Rp 25-50K",251,"Rp 1-25.000, Rp 25.000-50.000, Rp 50.000-75.000, Rp 75.000-100.000","2%, 47%, 31%, 12%","7.00 am","12.00 am","7.00 am","12.00 am","7.00 am","12.00 am","7.00 am","12.00 am","7.00 am","12.00 am","7.00 am","12.00 am","7.00 am","12.00 am"
35,0x2e69c547606b056f:0xb824acb6312f8e53,https://www.google.com/maps/place/Spoke+Coffee+Bogor/data=!4m7!3m6!1s0x2e69c547606b056f:0xb824acb6312f8e53!8m2!3d-6.5856449!4d106.816602!16s%2Fg%2F11s8x0prvx!19sChIJbwVrYEfFaS4RU44vMbasJLg?authuser=0&hl=en&rclk=1,"Spoke Coffee Bogor","Coffee shop","Jl. Achmad Adnawijaya No.85, RT.02/RW.16, Tegal Gundil, Kec. Bogor Utara, Kota Bogor, Jawa Barat 16152",4.8,101,"Rp 25-50K",48,"Rp 1-25.000, Rp 25.000-50.000, Rp 50.000-75.000","6%, 58%, 27%","9.00 am","10.00 pm","9.00 am","10.00 pm","9.00 am","10.00 pm","9.00 am","10.00 pm","8.00 am","11.00 pm","8.00 am","11.00 pm","8.00 am","11.00 pm"
36,0x2e69c45ecb84eb2f:0xb8c2e53cdc111ee7,https://www.google.com/maps/place/Legacy+indonesian+coffee/data=!4m7!3m6!1s0x2e69c45ecb84eb2f:0xb8c2e53cdc111ee7!8m2!3d-6.5725312!4d106.7747495!16s%2Fg%2F11g6xgbpl4!19sChIJL-uEy17EaS4R5x4R3Dzlwrg?authuser=0&hl=en&rclk=1,"Legacy indonesian coffee","Coffee shop","Jl. Cilendek Timur Raya No.10, RT.001/RW.003, Cilendek Tim., Kec. Bogor Bar., Kota Bogor, Jawa Barat 16112",4.7,113,"Rp 1-25.000",5,"Rp 1-25.000, Rp 25.000-50.000, Rp 50.000-75.000","80%, 20%, 0%","7.30 am","9.00 pm","7.30 am","9.00 pm","7.30 am","9.00 pm","7.30 am","9.00 pm","7.30 am","9.00 pm","7.30 am","9.00 pm","7.00 am","12.00 am"
37,0x2e69c50b6ea8ddc7:0x8d3aa76b290ffb39,https://www.google.com/maps/place/SNDAY+COFFEE/data=!4m7!3m6!1s0x2e69c50b6ea8ddc7:0x8d3aa76b290ffb39!8m2!3d-6.5706068!4d106.802529!16s%2Fg%2F11qrksdxw0!19sChIJx92obgvFaS4ROfsPKWunOo0?authuser=0&hl=en&rclk=1,"SNDAY COFFEE","Coffee shop","Jl. Beo No.3, Tanah Sareal, Kec. Tanah Sereal, Kota Bogor, Jawa Barat 16143",4.6,414,"Rp 25-50K",100,"Rp 1-25.000, Rp 25.000-50.000, Rp 50.000-75.000, Rp 75.000-100.000","2%, 52%, 33%, 9%","8.00 am","10.00 pm","8.00 am","10.00 pm","8.00 am","10.00 pm","8.00 am","10.00 pm","8.00 am","11.00 pm","8.00 am","11.00 pm",Closed,Closed
38,0x2e69c5d53ec0be2f:0x9bbef66de3ab552d,https://www.google.com/maps/place/The+Coffee+Companion+Coffee+Roaster/data=!4m7!3m6!1s0x2e69c5d53ec0be2f:0x9bbef66de3ab552d!8m2!3d-6.5824469!4d106.811316!16s%2Fg%2F11d_pwc4bq!19sChIJL77APtXFaS4RLVWr4232vps?authuser=0&hl=en&rclk=1,"The Coffee Companion Coffee Roaster","Coffee shop","Jl. Artzimar I No.16B, Tegal Gundil, Kec. Bogor Utara, Kota Bogor, Jawa Barat 16152",4.7,820,"Rp 25-50K",110,"Rp 1-25.000, Rp 25.000-50.000, Rp 50.000-75.000, Rp 75.000-100.000","3%, 45%, 36%, 10%","8.00 am","10.00 pm","8.00 am","10.00 pm","8.00 am","10.00 pm","8.00 am","10.00 pm","8.00 am","10.00 pm","8.00 am","10.00 pm","8.00 am","10.00 pm"
39,0x2e69c5fc2b125f97:0xd93f5127d0fe3b33,https://www.google.com/maps/place/Fore+Coffee+-+Yogya+Bogor+Junction/data=!4m7!3m6!1s0x2e69c5fc2b125f97:0xd93f5127d0fe3b33!8m2!3d-6.5893091!4d106.7965333!16s%2Fg%2F11ry57zc_g!19sChIJl18SK_zFaS4RMzv-0CdRP9k?authuser=0&hl=en&rclk=1,"Fore Coffee - Yogya Bogor Junction","Coffee shop","Jl. Pabaton No.63, RT.02/RW.03, Sempur, Kecamatan Bogor Tengah, Kota Bogor, Jawa Barat 16121",4.5,226,"Rp 25-50K",62,"Rp 1-25.000, Rp 25.000-50.000, Rp 50.000-75.000, Rp 75.000-100.000","6%, 68%, 16%, 8%","8.00 am","9.00 pm","8.00 am","9.00 pm","8.00 am","9.00 pm","8.00 am","9.00 pm","8.00 am","9.00 pm","8.00 am","9.00 pm","8.00 am","9.00 pm"
40,0x2e69c55c1b97bad9:0x8c0ef36d61eb3f08,https://www.google.com/maps/place/Second+Home+Coffee+%26+Eatery/data=!4m7!3m6!1s0x2e69c55c1b97bad9:0x8c0ef36d61eb3f08!8m2!3d-6.5884089!4d106.8053913!16s%2Fg%2F11j1f32qbf!19sChIJ2bqXG1zFaS4RCD_rYW3zDow?authuser=0&hl=en&rclk=1,"Second Home Coffee & Eatery","Coffee shop","Jl. Raya Pajajaran No.1, RT.03/RW.06, Babakan, Kecamatan Bogor Tengah, Kota Bogor, Jawa Barat 16128",4.5,187,"Rp 25-50K",32,"Rp 1-25.000, Rp 25.000-50.000, Rp 50.000-75.000","3%, 59%, 31%","9.00 am","11.30 pm","9.00 am","11.30 pm","9.00 am","11.30 pm","9.00 am","11.30 pm","9.00 am","11.30 pm","9.00 am","11.30 pm","9.00 am","11.30 pm"
41,0x2e69c5e088b32519:0x778811e9c1543d8b,https://www.google.com/maps/place/Ejji+Coffee+Corner+District+26+Bogor+Utara/data=!4m7!3m6!1s0x2e69c5e088b32519:0x778811e9c1543d8b!8m2!3d-6.5817782!4d106.8167374!16s%2Fg%2F11s8jv2tv8!19sChIJGSWziODFaS4Riz1UwekRiHc?authuser=0&hl=en&rclk=1,"Ejji Coffee Corner District 26 Bogor Utara","Coffee shop","Jl. Achmad Sobana No.21, RT.02/RW.14, Tegal Gundil, Kec. Bogor Utara, Kota Bogor, Jawa Barat 16152",4.7,266,"Rp 25-50K",115,"Rp 1-25.000, Rp 25.000-50.000, Rp 50.000-75.000","6%, 68%, 24%","8.00 am","10.00 pm","8.00 am","10.00 pm","8.00 am","10.00 pm","8.00 am","10.00 pm","8.00 am","10.00 pm","7.00 am","11.00 pm","7.00 am","10.00 pm"
42,0x2e69c567ce03a79b:0xf1344e22be05e6c2,https://www.google.com/maps/place/Resto+coffee+sisi+barat/data=!4m7!3m6!1s0x2e69c567ce03a79b:0xf1344e22be05e6c2!8m2!3d-6.5625107!4d106.7442433!16s%2Fg%2F11n0tx32v8!19sChIJm6cDzmfFaS4RwuYFviJONPE?authuser=0&hl=en&rclk=1,"Resto coffee sisi barat","Coffee shop","Jl. Batu Hulung, RT.02/RW.02, Balungbangjaya, Kec. Bogor Bar., Kota Bogor, Jawa Barat 16116",4.5,790,"Rp 25-50K",92,"Rp 1-25.000, Rp 25.000-50.000, Rp 50.000-75.000, Rp 75.000-100.000","5%, 53%, 27%, 8%","11.00 am","11.00 pm","11.00 am","11.00 pm","9.00 am","11.00 pm","9.00 am","11.00 pm","9.00 am","11.00 pm","9.00 am","12.00 am","9.00 am","12.00 am"
43,0x2e69c5de1c36b603:0xcec7c8e8b4434dd8,https://www.google.com/maps/place/Kopi+Cinta+Asli+Bogor/data=!4m7!3m6!1s0x2e69c5de1c36b603:0xcec7c8e8b4434dd8!8m2!3d-6.6013142!4d106.7924432!16s%2Fg%2F11gvsk3_sw!19sChIJA7Y2HN7FaS4R2E1DtOjIx84?authuser=0&hl=en&rclk=1,"Kopi Cinta Asli Bogor","Coffee shop","Jl. Paledang no 26&28, RT.01/RW.10, Paledang, Kecamatan Bogor Tengah, Kota Bogor, Jawa Barat 16125",4.9,65,NULL,NULL,NULL,NULL,"9.00 am","10.30 pm","9.00 am","10.30 pm","9.30 am","10.30 pm","9.00 am","9.30 pm","9.00 am","10.30 pm","9.00 am","10.30 pm","9.00 am","10.00 pm"
44,0x2e69c5e0d8cfb4c7:0x9207fc3f0a71eea6,https://www.google.com/maps/place/Kopi+Nako+%26+Warung+Nako+Padjajaran/data=!4m7!3m6!1s0x2e69c5e0d8cfb4c7:0x9207fc3f0a71eea6!8m2!3d-6.609612!4d106.8130402!16s%2Fg%2F11ggr7q8tc!19sChIJx7TP2ODFaS4Rpu5xCj_8B5I?authuser=0&hl=en&rclk=1,"Kopi Nako & Warung Nako Padjajaran","Coffee shop","Jl. Pajajaran Indah V No.7, Baranangsiang, Kec. Bogor Tim., Kota Bogor, Jawa Barat 16143",4.6,7608,"Rp 25-50K",746,"Rp 1-25.000, Rp 25.000-50.000, Rp 50.000-75.000, Rp 75.000-100.000","7%, 56%, 21%, 9%","8.00 am","12.00 am","8.00 am","12.00 am","8.00 am","12.00 am","8.00 am","12.00 am","8.00 am","2.00 am","8.00 am","2.00 am","8.00 am","12.00 am"
45,0x2e69c5926729b897:0xc617174fe781b9e5,https://www.google.com/maps/place/Say+Hello+Coffee-Cakes+Story/data=!4m7!3m6!1s0x2e69c5926729b897:0xc617174fe781b9e5!8m2!3d-6.6052125!4d106.810097!16s%2Fg%2F11h5_m7f46!19sChIJl7gpZ5LFaS4R5bmB508XF8Y?authuser=0&hl=en&rclk=1,"Say Hello Coffee-Cakes Story","Coffee shop","Jl. Bina Marga No.23, Baranangsiang, Kec. Bogor Tim., Kota Bogor, Jawa Barat 16143",4.8,218,"Rp 50-75K",25,"Rp 25.000-50.000, Rp 50.000-75.000, Rp 75.000-100.000","20%, 36%, 32%","7.00 am","9.00 pm","7.00 am","9.00 pm","7.00 am","9.00 pm","7.00 am","9.00 pm","7.00 am","9.00 pm","7.00 am","9.00 pm","7.00 am","9.00 pm"
46,0x2e69c5e7426fd985:0xb03c6c95e1c91a8d,https://www.google.com/maps/place/Artisan+Coffee+Indonesia/data=!4m7!3m6!1s0x2e69c5e7426fd985:0xb03c6c95e1c91a8d!8m2!3d-6.595648!4d106.8063099!16s%2Fg%2F11mqwkxgh5!19sChIJhdlvQufFaS4RjRrJ4ZVsPLA?authuser=0&hl=en&rclk=1,"Artisan Coffee Indonesia","Coffee shop","RT.02/RW.08, Babakan, Bogor Tengah, Bogor City, West Java 16129",5.0,51,"Rp 25-50K",21,"Rp 1-25.000, Rp 25.000-50.000, Rp 50.000-75.000","24%, 76%, 0%","8.00 am","10.00 pm","8.00 am","10.00 pm","8.00 am","10.00 pm","8.00 am","10.00 pm","8.00 am","10.00 pm","8.00 am","10.00 pm","8.00 am","10.00 pm"
47,0x2e69c5cf6fe1be11:0xe627bc0163f8be31,https://www.google.com/maps/place/Agreya+Coffee+-+Bogor/data=!4m7!3m6!1s0x2e69c5cf6fe1be11:0xe627bc0163f8be31!8m2!3d-6.5924597!4d106.816228!16s%2Fg%2F11tgd4hmx3!19sChIJEb7hb8_FaS4RMb74YwG8J-Y?authuser=0&hl=en&rclk=1,"Agreya Coffee - Bogor",Restaurant,"Jl. Kol. Enjo Martadisastra Jl. Kol. Ahmad Syam No.45 E, RT.04/RW.10, Tanah Baru, Kec. Bogor Utara, Kota Bogor, Jawa Barat 16154",4.7,2675,"Rp 50-100K",819,"Rp 1-50.000, Rp 50.000-100.000, Rp 100.000-150.000","15%, 58%, 18%","6.00 am","1.00 am","6.00 am","1.00 am","6.00 am","1.00 am","6.00 am","1.00 am","6.00 am","1.00 am","6.00 am","1.00 am","6.00 am","1.00 am"
48,0x2e69c5c9e5493d53:0x9405718643c79a07,https://www.google.com/maps/place/Kawan+Baru+%7C+Coffee+%26+Kitchen/data=!4m7!3m6!1s0x2e69c5c9e5493d53:0x9405718643c79a07!8m2!3d-6.6088147!4d106.8122691!16s%2Fg%2F11jvc_3g0d!19sChIJUz1J5cnFaS4RB5rHQ4ZxBZQ?authuser=0&hl=en&rclk=1,"Kawan Baru | Coffee & Kitchen",Cafe,"RT.01/RW.11, Baranangsiang, Bogor Timur, Bogor City, West Java 16143",4.6,847,"Rp 25-50K",163,"Rp 1-25.000, Rp 25.000-50.000, Rp 50.000-75.000, Rp 75.000-100.000","1%, 45%, 30%, 14%","8.00 am","12.00 am","8.00 am","12.00 am","8.00 am","12.00 am","8.00 am","12.00 am","8.00 am","1.00 am","8.00 am","1.00 am","8.00 am","12.00 am"
49,0x2e69c5cc56442f1b:0x5f4dcc7b3ea26b72,https://www.google.com/maps/place/PICCOLO+COFFEE+LOUNGE/data=!4m7!3m6!1s0x2e69c5cc56442f1b:0x5f4dcc7b3ea26b72!8m2!3d-6.5906121!4d106.8033287!16s%2Fg%2F11gbmmzlf5!19sChIJGy9EVszFaS4RcmuiPnvMTV8?authuser=0&hl=en&rclk=1,"PICCOLO COFFEE LOUNGE","Coffee shop","Jl. Pangrango No.9A, RT.04/RW.04, Babakan, Kecamatan Bogor Tengah, Kota Bogor, Jawa Barat 16151",4.5,139,NULL,NULL,NULL,NULL,"8.00 am","10.00 pm","8.00 am","10.00 pm","8.00 am","10.00 pm","8.00 am","10.00 pm","8.00 am","12.00 am","8.00 am","12.00 am","7.00 am","10.00 pm"
50,0x2e69c7a37dbea4f9:0xbf7c990a2a208f41,https://www.google.com/maps/place/Seahorse+Coffee+and+Kitchen/data=!4m7!3m6!1s0x2e69c7a37dbea4f9:0xbf7c990a2a208f41!8m2!3d-6.6103203!4d106.8198977!16s%2Fg%2F11j6149sg8!19sChIJ-aS-faPHaS4RQY8gKgqZfL8?authuser=0&hl=en&rclk=1,"Seahorse Coffee and Kitchen",Restaurant,"Jl. Kol. Ahmad Syam, RT.05/RW.05, Baranangsiang, Kec. Bogor Tim., Kota Bogor, Jawa Barat 16143",4.7,1053,"Rp 25-75K",170,"Rp 1-25.000, Rp 25.000-75.000, Rp 75.000-125.000","1%, 66%, 24%","9.00 am","10.00 pm","9.00 am","10.00 pm","9.00 am","10.00 pm","9.00 am","10.00 pm","9.00 am","10.00 pm","9.00 am","10.00 pm","9.00 am","10.00 pm"
51,0x2e69c5b645cddd15:0xb95bfdfda7eb8dc,https://www.google.com/maps/place/UNCLEJOKOPI.ID/data=!4m7!3m6!1s0x2e69c5b645cddd15:0xb95bfdfda7eb8dc!8m2!3d-6.5940392!4d106.7924582!16s%2Fg%2F11gfmz0vd9!19sChIJFd3NRbbFaS4R3Lh-2t-_lQs?authuser=0&hl=en&rclk=1,UNCLEJOKOPI.ID,Cafe,"Jalan Gedong Sawah 1 No. 30A, RT.02/RW.01, Pabaton, Kecamatan Bogor Tengah, Kota Bogor, Jawa Barat 16121",4.6,1225,"Rp 25-50K",241,"Rp 1-25.000, Rp 25.000-50.000, Rp 50.000-75.000, Rp 75.000-100.000","7%, 59%, 22%, 8%","8.00 am","9.30 pm","8.00 am","9.30 pm","8.00 am","9.30 pm","8.00 am","9.30 pm","8.00 am","9.30 pm","8.00 am","9.30 pm","8.00 am","9.30 pm"
52,0x2e69c5e2cf1efce3:0xe8dcc1734bc20682,https://www.google.com/maps/place/No.101+Coffee/data=!4m7!3m6!1s0x2e69c5e2cf1efce3:0xe8dcc1734bc20682!8m2!3d-6.5993779!4d106.8155229!16s%2Fg%2F11ggt5m_ny!19sChIJ4_wez-LFaS4RggbCS3PB3Og?authuser=0&hl=en&rclk=1,"No.101 Coffee","Coffee shop","Jl. Padi No.101, RT.03/RW.09, Baranangsiang, Kec. Bogor Tim., Kota Bogor, Jawa Barat 16143",4.7,425,"Rp 25-50K",22,"Rp 1-25.000, Rp 25.000-50.000, Rp 50.000-75.000","5%, 45%, 32%","8.00 am","10.00 pm","8.00 am","10.00 pm","8.00 am","10.00 pm","8.00 am","10.00 pm","8.00 am","10.00 pm","8.00 am","10.00 pm","8.00 am","10.00 pm"
53,0x2e69c50808f9c3ef:0xdd3414c842e1c5dc,https://www.google.com/maps/place/Mardika+coffee+roastery+etc+BINA+MARGA/data=!4m7!3m6!1s0x2e69c50808f9c3ef:0xdd3414c842e1c5dc!8m2!3d-6.6046556!4d106.808141!16s%2Fg%2F11fwtmcd6s!19sChIJ78P5CAjFaS4R3MXhQsgUNN0?authuser=0&hl=en&rclk=1,"Mardika coffee roastery etc BINA MARGA","Coffee shop","Jl. Bina Marga No.1, RT.04/RW.11, Baranangsiang, Kec. Bogor Tim., Kota Bogor, Jawa Barat 16143",4.9,174,"Rp 25-50K",22,"Rp 1-25.000, Rp 25.000-50.000, Rp 50.000-75.000","32%, 59%, 0%","7.30 am","6.15 pm","7.30 am","6.15 pm","7.30 am","6.15 pm","7.30 am","6.15 pm","7.30 am","6.15 pm","7.30 am","6.15 pm","7.30 am","6.15 pm"
54,0x2e69c5d209c29499:0x1ab9677449ae78a6,https://www.google.com/maps/place/Imah+Nini+Coffee+%26+Kitchen/data=!4m7!3m6!1s0x2e69c5d209c29499:0x1ab9677449ae78a6!8m2!3d-6.590997!4d106.806387!16s%2Fg%2F11cjj7kfvy!19sChIJmZTCCdLFaS4RpniuSXRnuRo?authuser=0&hl=en&rclk=1,"Imah Nini Coffee & Kitchen",Cafe,"Jl. Sancang No.7, A-B, Kecamatan Bogor Tengah, Kota Bogor, Jawa Barat 16151",4.5,1006,"Rp 50-75K",132,"Rp 25.000-50.000, Rp 50.000-75.000, Rp 75.000-100.000","37%, 39%, 16%","7.30 am","10.00 pm","7.30 am","10.00 pm","7.30 am","10.00 pm","7.30 am","10.00 pm","7.30 am","10.00 pm","7.30 am","10.00 pm","7.30 am","10.00 pm"
55,0x2e69c7004f990571:0xae392b0a6e245bf2,https://www.google.com/maps/place/Crove+coffee/data=!4m7!3m6!1s0x2e69c7004f990571:0xae392b0a6e245bf2!8m2!3d-6.6080662!4d106.8191664!16s%2Fg%2F11vp_4yt5f!19sChIJcQWZTwDHaS4R8lskbgorOa4?authuser=0&hl=en&rclk=1,"Crove coffee","Coffee shop","Jln Kol H Achmad Syam No.003/014, Baranangsiang, Kec. Bogor Tim., Kota Bogor, Jawa Barat 16143",4.8,246,"Rp 50-75K",116,"Rp 25.000-50.000, Rp 50.000-75.000, Rp 75.000-100.000","22%, 41%, 27%","7.00 am","10.00 pm","7.00 am","10.00 pm","7.00 am","10.00 pm","7.00 am","10.00 pm","7.00 am","10.00 pm","6.30 am","10.00 pm","6.30 am","10.00 pm"
56,0x2e69c500270852e1:0x34a545cc989e538d,https://www.google.com/maps/place/Dreezel+Coffee+Bincarung+Bogor/data=!4m7!3m6!1s0x2e69c500270852e1:0x34a545cc989e538d!8m2!3d-6.57038!4d106.80091!16s%2Fg%2F11x32lxtd0!19sChIJ4VIIJwDFaS4RjVOemMxFpTQ?authuser=0&hl=en&rclk=1,"Dreezel Coffee Bincarung Bogor","Coffee shop","Jl. Bincarung No.14, Tanah Sareal, Kec. Tanah Sereal, Kota Bogor, Jawa Barat 16161",4.6,73,"Rp 25-50K",39,"Rp 1-25.000, Rp 25.000-50.000, Rp 50.000-75.000","21%, 69%, 5%","7.00 am","10.00 pm","7.00 am","10.00 pm","7.00 am","10.00 pm","7.00 am","10.00 pm","7.00 am","10.00 pm","7.00 am","10.00 pm","7.00 am","10.00 pm"
57,0x2e69c50006eb9193:0x4da5d55876c5d66,https://www.google.com/maps/place/JCO+RESERVE+SUDIRMAN+BOGOR/data=!4m7!3m6!1s0x2e69c50006eb9193:0x4da5d55876c5d66!8m2!3d-6.5845928!4d106.7970422!16s%2Fg%2F11vdq3ps4b!19sChIJk5HrBgDFaS4RZl1sh1Vd2gQ?authuser=0&hl=en&rclk=1,"JCO RESERVE SUDIRMAN BOGOR",Restaurant,"Jl. Jend. Sudirman No.37, RT.01/RW.05, Sempur, Kecamatan Bogor Tengah, Kota Bogor, Jawa Barat 16121",4.6,499,"Rp 25-75K",222,"Rp 1-25.000, Rp 25.000-75.000, Rp 75.000-125.000","5%, 62%, 27%","8.00 am","10.00 pm","8.00 am","10.00 pm","8.00 am","10.00 pm","8.00 am","10.00 pm","8.00 am","10.00 pm","8.00 am","10.00 pm","8.00 am","10.00 pm"
58,0x2e69c5fa55c89607:0x2db9de3b02bb51be,https://www.google.com/maps/place/Ta-Mu+Coffee/data=!4m7!3m6!1s0x2e69c5fa55c89607:0x2db9de3b02bb51be!8m2!3d-6.5666884!4d106.8028476!16s%2Fg%2F11k9j2_2ng!19sChIJB5bIVfrFaS4RvlG7AjveuS0?authuser=0&hl=en&rclk=1,"Ta-Mu Coffee","Coffee shop","Jl. Dadali No.7, RT.03/RW.05, Tanah Sareal, Kec. Tanah Sereal, Kota Bogor, Jawa Barat 16161",4.8,31,"Rp 25-50K",11,"Rp 1-25.000, Rp 25.000-50.000, Rp 50.000-75.000, Rp 75.000-100.000","9%, 73%, 9%, 9%","9.00 am","11.00 pm","9.00 am","11.00 pm","9.00 am","11.00 pm","9.00 am","11.00 pm","9.00 am","12.00 am","9.00 am","12.00 am","9.00 am","11.00 pm"
59,0x2e69c5c34ddffc5f:0x5847993037eb73c9,https://www.google.com/maps/place/Kopi+Oey+Bogor/data=!4m7!3m6!1s0x2e69c5c34ddffc5f:0x5847993037eb73c9!8m2!3d-6.6025458!4d106.8061615!16s%2Fg%2F11b6d7r6vs!19sChIJX_zfTcPFaS4RyXPrNzCZR1g?authuser=0&hl=en&rclk=1,"Kopi Oey Bogor",Cafe,"Gedung Himpunan Alumni IPB, Jl. Cidangiang No.1, RT.04/RW.05, Tegallega, Bogor Tengah, Bogor City, West Java 16680",4.4,340,"Rp 50-75K",30,"Rp 25.000-50.000, Rp 50.000-75.000, Rp 75.000-100.000","30%, 43%, 13%","8.00 am","11.00 pm","8.00 am","11.00 pm","8.00 am","11.00 pm","8.00 am","11.00 pm","8.00 am","11.00 pm","8.00 am","11.00 pm","8.00 am","11.00 pm"
60,0x2e69c53b0646fd61:0xb4691a96c33a35ef,https://www.google.com/maps/place/Aumont+Kofie/data=!4m7!3m6!1s0x2e69c53b0646fd61:0xb4691a96c33a35ef!8m2!3d-6.5707789!4d106.8043429!16s%2Fg%2F11j0w6kfk4!19sChIJYf1GBjvFaS4R7zU6w5YaabQ?authuser=0&hl=en&rclk=1,"Aumont Kofie","Coffee shop","Jl. A. Yani No.2, RT.05/RW.04, Tanah Sareal, Kec. Tanah Sereal, Kota Bogor, Jawa Barat 16161",4.7,725,"Rp 25-50K",137,"Rp 1-25.000, Rp 25.000-50.000, Rp 50.000-75.000, Rp 75.000-100.000","0%, 49%, 35%, 11%",NULL,NULL,NULL,NULL,NULL,NULL,NULL,NULL,NULL,NULL,NULL,NULL,NULL,NULL
61,0x2e69c53b0646fd61:0xb4691a96c33a35ef,https://www.google.com/maps/place/Aumont+Kofie/data=!4m7!3m6!1s0x2e69c53b0646fd61:0xb4691a96c33a35ef!8m2!3d-6.5707789!4d106.8043429!16s%2Fg%2F11j0w6kfk4!19sChIJYf1GBjvFaS4R7zU6w5YaabQ?authuser=0&hl=en&rclk=1,"Aumont Kofie","Coffee shop","Jl. A. Yani No.2, RT.05/RW.04, Tanah Sareal, Kec. Tanah Sereal, Kota Bogor, Jawa Barat 16161",4.7,725,"Rp 25-50K",137,"Rp 1-25.000, Rp 25.000-50.000, Rp 50.000-75.000, Rp 75.000-100.000","0%, 49%, 35%, 11%",NULL,NULL,NULL,NULL,NULL,NULL,NULL,NULL,NULL,NULL,NULL,NULL,NULL,NULL
62,0x2e69c50808f9c3ef:0xdd3414c842e1c5dc,https://www.google.com/maps/place/Mardika+coffee+roastery+etc+BINA+MARGA/data=!4m7!3m6!1s0x2e69c50808f9c3ef:0xdd3414c842e1c5dc!8m2!3d-6.6046556!4d106.808141!16s%2Fg%2F11fwtmcd6s!19sChIJ78P5CAjFaS4R3MXhQsgUNN0?authuser=0&hl=en&rclk=1,"Mardika coffee roastery etc BINA MARGA","Coffee shop","Jl. Bina Marga No.1, RT.04/RW.11, Baranangsiang, Kec. Bogor Tim., Kota Bogor, Jawa Barat 16143",4.9,174,"Rp 25-50K",22,"Rp 1-25.000, Rp 25.000-50.000, Rp 50.000-75.000","32%, 59%, 0%","7.30 am","6.15 pm","7.30 am","6.15 pm","7.30 am","6.15 pm","7.30 am","6.15 pm","7.30 am","6.15 pm","7.30 am","6.15 pm","7.30 am","6.15 pm"
63,0x2e69c6e6418d4b41:0x9b69e5b554e6cc0d,https://www.google.com/maps/place/Anthology+Coffee+And+Tea/data=!4m7!3m6!1s0x2e69c6e6418d4b41:0x9b69e5b554e6cc0d!8m2!3d-6.5753676!4d106.8644623!16s%2Fg%2F11hd9cr875!19sChIJQUuNQebGaS4RDczmVLXlaZs?authuser=0&hl=en&rclk=1,"Anthology Coffee And Tea",Cafe,"Komplek Danau Teratai Jl. MH. Thamrin, RT.03/RW.08, Cijayanti, Kec. Babakan Madang, Kabupaten Bogor, Jawa Barat 16810",4.5,3332,"Rp 25-50K",259,"Rp 1-25.000, Rp 25.000-50.000, Rp 50.000-75.000, Rp 75.000-100.000","2%, 44%, 31%, 14%","8.00 am","8.00 pm","8.00 am","8.00 pm","8.00 am","8.00 pm","8.00 am","8.00 pm","8.00 am","8.00 pm","7.00 am","8.00 pm","7.00 am","8.00 pm"
64,0x2e69c5fa55c89607:0x2db9de3b02bb51be,https://www.google.com/maps/place/Ta-Mu+Coffee/data=!4m7!3m6!1s0x2e69c5fa55c89607:0x2db9de3b02bb51be!8m2!3d-6.5666884!4d106.8028476!16s%2Fg%2F11k9j2_2ng!19sChIJB5bIVfrFaS4RvlG7AjveuS0?authuser=0&hl=en&rclk=1,"Ta-Mu Coffee","Coffee shop","Jl. Dadali No.7, RT.03/RW.05, Tanah Sareal, Kec. Tanah Sereal, Kota Bogor, Jawa Barat 16161",4.8,31,"Rp 25-50K",11,"Rp 1-25.000, Rp 25.000-50.000, Rp 50.000-75.000, Rp 75.000-100.000","9%, 73%, 9%, 9%","9.00 am","11.00 pm","9.00 am","11.00 pm","9.00 am","11.00 pm","9.00 am","11.00 pm","9.00 am","12.00 am","9.00 am","12.00 am","9.00 am","11.00 pm"
65,0x2e69c5f1478fd1e1:0x6aa09ce0b570e5a5,https://www.google.com/maps/place/Cafe+de+Aut/data=!4m7!3m6!1s0x2e69c5f1478fd1e1:0x6aa09ce0b570e5a5!8m2!3d-6.6098269!4d106.8044633!16s%2Fg%2F11hmsjvr8m!19sChIJ4dGPR_HFaS4RpeVwteCcoGo?authuser=0&hl=en&rclk=1,"Cafe de Aut",Cafe,"Suryakencana St No.287, RT.04/RW.02, Babakan Pasar, Bogor Tengah, Bogor City, West Java 16123",4.9,194,"Rp 25-50K",91,"Rp 1-25.000, Rp 25.000-50.000, Rp 50.000-75.000","10%, 74%, 9%",NULL,NULL,NULL,NULL,NULL,NULL,NULL,NULL,NULL,NULL,NULL,NULL,NULL,NULL
66,0x2e69c542dbd6ae61:0x15162eb36b401eea,https://www.google.com/maps/place/Groovy+Space/data=!4m7!3m6!1s0x2e69c542dbd6ae61:0x15162eb36b401eea!8m2!3d-6.5887047!4d106.7944397!16s%2Fg%2F11pv9c6mb5!19sChIJYa7W20LFaS4R6h5Aa7MuFhU?authuser=0&hl=en&rclk=1,"Groovy Space","Coworking space","Jl. Sawojajar, Pabaton, Kecamatan Bogor Tengah, Kota Bogor, Jawa Barat 16121",4.6,95,NULL,NULL,NULL,NULL,"9.00 am","11.00 pm","9.00 am","11.00 pm","9.00 am","11.00 pm","9.00 am","11.00 pm","9.00 am","11.00 pm","9.00 am","11.00 pm","9.00 am","11.00 pm"
67,0x2e69c452323a089f:0xeeb42e1963ea0a95,https://www.google.com/maps/place/Btari+Coffee+%26+Coworking+Space/data=!4m7!3m6!1s0x2e69c452323a089f:0xeeb42e1963ea0a95!8m2!3d-6.5826705!4d106.7787782!16s%2Fg%2F11bwkdqw3_!19sChIJnwg6MlLEaS4RlQrqYxkutO4?authuser=0&hl=en&rclk=1,"Btari Coffee & Coworking Space","Coffee shop","Jl. DR. Sumeru No.3, Menteng, Kec. Bogor Bar., Kota Bogor, Jawa Barat 16111",4.6,195,"Rp 25-50K",49,"Rp 1-25.000, Rp 25.000-50.000, Rp 50.000-75.000","8%, 59%, 27%","9.00 am","10.00 pm","9.00 am","10.00 pm","9.00 am","10.00 pm","9.00 am","10.00 pm","9.00 am","10.00 pm","9.00 am","10.00 pm","9.00 am","10.00 pm"
68,0x2e69c53ab75dcbf5:0x45dee8d04996110,https://www.google.com/maps/place/High+%26+Dry+Coffee+Company/data=!4m7!3m6!1s0x2e69c53ab75dcbf5:0x45dee8d04996110!8m2!3d-6.6075948!4d106.7948644!16s%2Fg%2F11qpzqhq9j!19sChIJ9ctdtzrFaS4REGGZBI3uXQQ?authuser=0&hl=en&rclk=1,"High & Dry Coffee Company","Coffee shop","Jl. Empang No.12, Empang, Kec. Bogor Sel., Kota Bogor, Jawa Barat 16132",4.9,56,"Rp 1-25.000",17,"Rp 1-25.000, Rp 25.000-50.000, Rp 50.000-75.000","65%, 35%, 0%","7.00 am","8.00 pm","7.00 am","8.00 pm","7.00 am","8.00 pm","7.00 am","8.00 pm","7.00 am","8.00 pm","7.00 am","8.00 pm","7.00 am","8.00 pm"
69,0x2e69c5c34ddffc5f:0x5847993037eb73c9,https://www.google.com/maps/place/Kopi+Oey+Bogor/data=!4m7!3m6!1s0x2e69c5c34ddffc5f:0x5847993037eb73c9!8m2!3d-6.6025458!4d106.8061615!16s%2Fg%2F11b6d7r6vs!19sChIJX_zfTcPFaS4RyXPrNzCZR1g?authuser=0&hl=en&rclk=1,"Kopi Oey Bogor",Cafe,"Gedung Himpunan Alumni IPB, Jl. Cidangiang No.1, RT.04/RW.05, Tegallega, Bogor Tengah, Bogor City, West Java 16680",4.4,340,"Rp 50-75K",30,"Rp 25.000-50.000, Rp 50.000-75.000, Rp 75.000-100.000","30%, 43%, 13%","8.00 am","11.00 pm","8.00 am","11.00 pm","8.00 am","11.00 pm","8.00 am","11.00 pm","8.00 am","11.00 pm","8.00 am","11.00 pm","8.00 am","11.00 pm"
70,0x2e69c42a86d6338f:0x120a9b58c237b3a4,https://www.google.com/maps/place/INI+CAF%C3%89/data=!4m7!3m6!1s0x2e69c42a86d6338f:0x120a9b58c237b3a4!8m2!3d-6.5917677!4d106.8023441!16s%2Fg%2F11gf3yhhg5!19sChIJjzPWhirEaS4RpLM3wlibChI?authuser=0&hl=en&rclk=1,"INI CAFÉ",Cafe,"Jl. Salak No.8, RT.04/RW.04, Babakan, Kecamatan Bogor Tengah, Kota Bogor, Jawa Barat 16129",4.6,310,"Rp 25-50K",23,"Rp 1-25.000, Rp 25.000-50.000, Rp 50.000-75.000","0%, 57%, 35%","8.00 am","9.30 pm","8.00 am","9.30 pm","8.00 am","9.30 pm","8.00 am","9.30 pm","8.00 am","9.30 pm","8.00 am","9.30 pm","8.00 am","9.30 pm"
71,0x2e69c7e7a91ace57:0x49c19f197b83c8fa,https://www.google.com/maps/place/Kedai+Kopi+Handoko/data=!4m7!3m6!1s0x2e69c7e7a91ace57:0x49c19f197b83c8fa!8m2!3d-6.5996647!4d106.8178428!16s%2Fg%2F11mbq23qwx!19sChIJV84aqefHaS4R-siDexmfwUk?authuser=0&hl=en&rclk=1,"Kedai Kopi Handoko","Coffee shop","Jl. Kolonel Martadisastra Jl. Kol. Ahmad Syam, Baranangsiang, Kec. Bogor Tim., Kota Bogor, Jawa Barat 16154",4.7,719,"Rp 25-50K",80,"Rp 1-25.000, Rp 25.000-50.000, Rp 50.000-75.000, Rp 75.000-100.000","1%, 64%, 28%, 6%","9.00 am","12.00 am","9.00 am","12.00 am","9.00 am","12.00 am","9.00 am","12.00 am","9.00 am","2.00 am","9.00 am","2.00 am","9.00 am","2.00 am"
72,0x2e69c5e09ed5057d:0x4ae24b5e79d72c09,https://www.google.com/maps/place/BUITENS/data=!4m7!3m6!1s0x2e69c5e09ed5057d:0x4ae24b5e79d72c09!8m2!3d-6.5698506!4d106.8000277!16s%2Fg%2F11jsznnzmj!19sChIJfQXVnuDFaS4RCSzXeV5L4ko?authuser=0&hl=en&rclk=1,BUITENS,Cafe,"Jl. Puter No.07, RT.03/RW.06, Tanah Sareal, Kec. Tanah Sereal, Kota Bogor, Jawa Barat 16161",4.6,194,"Rp 25-50K",90,"Rp 1-25.000, Rp 25.000-50.000, Rp 50.000-75.000, Rp 75.000-100.000","0%, 39%, 38%, 16%","9.00 am","10.00 pm","9.00 am","10.00 pm","9.00 am","10.00 pm","9.00 am","10.00 pm","9.00 am","10.00 pm","8.00 am","10.30 pm","8.00 am","10.30 pm"
73,0x2e69c5bb4698a3db:0xa7cd6c910055787f,https://www.google.com/maps/place/Starbucks+Sudirman/data=!4m7!3m6!1s0x2e69c5bb4698a3db:0xa7cd6c910055787f!8m2!3d-6.5905202!4d106.7972608!16s%2Fg%2F11p65__r9s!19sChIJ26OYRrvFaS4Rf3hVAJFszac?authuser=0&hl=en&rclk=1,"Starbucks Sudirman","Coffee shop","Jl. Jend. Sudirman No.12, RT.03/RW.05, Sempur, Kecamatan Bogor Tengah, Kota Bogor, Jawa Barat 16121",4.8,622,"Rp 50-75K",148,"Rp 25.000-50.000, Rp 50.000-75.000, Rp 75.000-100.000, Rp 100.000-125.000","21%, 42%, 22%, 8%","6.30 am","10.00 pm","6.30 am","10.00 pm","6.30 am","10.00 pm","6.30 am","10.00 pm","6.30 am","10.00 pm","6.30 am","10.00 pm","6.30 am","10.00 pm"
74,0x2e69c5001675e38d:0x1ebda82a137d3969,https://www.google.com/maps/place/I+Love+Bogor+Warung+Kopi+Kereta/data=!4m7!3m6!1s0x2e69c5001675e38d:0x1ebda82a137d3969!8m2!3d-6.595758!4d106.7908385!16s%2Fg%2F11vm6r3mw_!19sChIJjeN1FgDFaS4RaTl9EyqovR4?authuser=0&hl=en&rclk=1,"I Love Bogor Warung Kopi Kereta","Coffee shop","CQ3R+P8G, RT.04/RW.06, Cibogor, Bogor Tengah, Bogor City, West Java",4.6,33,"Rp 25-50K",7,"Rp 1-25.000, Rp 25.000-50.000, Rp 50.000-75.000","0%, 71%, 29%","6.00 am","11.00 pm","6.00 am","11.00 pm","6.00 am","11.00 pm","6.00 am","11.00 pm","6.00 am","11.00 pm","6.00 am","11.00 pm","6.00 am","11.00 pm"
75,0x2e69c5e0cfdb5f99:0xddfb1a7ab7d1b17d,https://www.google.com/maps/place/KOPI+KLAN+-+Beo/data=!4m7!3m6!1s0x2e69c5e0cfdb5f99:0xddfb1a7ab7d1b17d!8m2!3d-6.5704844!4d106.8018843!16s%2Fg%2F11t6wzy2j1!19sChIJmV_bz-DFaS4RfbHRt3oa-90?authuser=0&hl=en&rclk=1,"KOPI KLAN - Beo","Coffee shop","Jl. Beo No.7, Tanah Sareal, Kec. Tanah Sereal, Kota Bogor, Jawa Barat 16161",4.6,444,"Rp 25-50K",167,"Rp 1-25.000, Rp 25.000-50.000, Rp 50.000-75.000, Rp 75.000-100.000","8%, 54%, 26%, 7%","6.00 am","10.00 pm","6.00 am","10.00 pm","6.00 am","10.00 pm","6.00 am","10.00 pm","6.00 am","10.00 pm","6.00 am","10.00 pm","6.00 am","10.00 pm"
76,0x2e69c46f23271815:0xf635016d38cc2fd,https://www.google.com/maps/place/The+Classic+Cafe+Bogor/data=!4m7!3m6!1s0x2e69c46f23271815:0xf635016d38cc2fd!8m2!3d-6.560503!4d106.7846437!16s%2Fg%2F11c5xqd8sg!19sChIJFRgnI2_EaS4R_cKM0xZQYw8?authuser=0&hl=en&rclk=1,"The Classic Cafe Bogor",Cafe,"Jl. Pelita Jaya Ⅲ No.2, Kedung Jaya, Kec. Tanah Sereal, Kota Bogor, Jawa Barat 16164",4.7,169,"Rp 25-50K",9,"Rp 1-25.000, Rp 25.000-50.000, Rp 50.000-75.000","11%, 78%, 11%","7.00 am","7.00 pm","7.00 am","7.00 pm",Closed,Closed,"Open 24 hours","Open 24 hours","7.00 am","7.00 pm","7.00 am","7.00 pm","7.00 am","7.00 pm"
77,0x2e69c5ace81e62fb:0x87a1a6d081a95e47,https://www.google.com/maps/place/Kopi+Nako+Djuanda+Bogor/data=!4m7!3m6!1s0x2e69c5ace81e62fb:0x87a1a6d081a95e47!8m2!3d-6.6014859!4d106.7948799!16s%2Fg%2F11tdw9tpy2!19sChIJ-2Ie6KzFaS4RR16pgdCmoYc?authuser=0&hl=en&rclk=1,"Kopi Nako Djuanda Bogor","Coffee shop","9QXW+C27, RT.01/RW.07, Paledang, Bogor Tengah, Bogor City, West Java 16122",4.6,75,"Rp 25-50K",32,"Rp 1-25.000, Rp 25.000-50.000, Rp 50.000-75.000, Rp 75.000-100.000","19%, 69%, 0%, 13%","8.00 am","9.00 pm","8.00 am","9.00 pm","8.00 am","9.00 pm","8.00 am","9.00 pm","8.00 am","9.00 pm","8.00 am","9.00 pm","8.00 am","9.00 pm"
78,0x2e69c5be774f2d03:0x97cc38f7a63775d9,https://www.google.com/maps/place/Vivere+Coffee/data=!4m7!3m6!1s0x2e69c5be774f2d03:0x97cc38f7a63775d9!8m2!3d-6.5977051!4d106.8058286!16s%2Fg%2F11vfbfgp_x!19sChIJAy1Pd77FaS4R2XU3pvc4zJc?authuser=0&hl=en&rclk=1,"Vivere Coffee","Coffee shop","Jl. Taman Malabar No.20a, Babakan, Kecamatan Bogor Tengah, Kota Bogor, Jawa Barat 16129",4.8,14,"Rp 25-50K",9,"Rp 1-25.000, Rp 25.000-50.000, Rp 50.000-75.000","22%, 67%, 11%",NULL,NULL,NULL,NULL,NULL,NULL,NULL,NULL,NULL,NULL,NULL,NULL,NULL,NULL
79,0x2e69c53c6b0154b5:0x430d5c76404e5f1b,https://www.google.com/maps/place/Stockholm+Syndrome/data=!4m7!3m6!1s0x2e69c53c6b0154b5:0x430d5c76404e5f1b!8m2!3d-6.614055!4d106.8129772!16s%2Fg%2F11gyb_nw3g!19sChIJtVQBazzFaS4RG19OQHZcDUM?authuser=0&hl=en&rclk=1,"Stockholm Syndrome","Coffee shop","Jl. Pulo Armin No.15, Baranangsiang, Kec. Bogor Tim., Kota Bogor, Jawa Barat 16143",4.5,994,"Rp 50-100K",162,"Rp 1-50.000, Rp 50.000-100.000, Rp 100.000-150.000","9%, 58%, 28%","7.00 am","8.00 pm","7.00 am","8.00 pm","7.00 am","8.00 pm","7.00 am","8.00 pm","7.00 am","8.00 pm","8.00 am","9.00 pm","8.00 am","9.00 pm"
80,0x2e69c573bb692be3:0x26bf5fbe37d2531f,https://www.google.com/maps/place/Lili+seduh+saji/data=!4m7!3m6!1s0x2e69c573bb692be3:0x26bf5fbe37d2531f!8m2!3d-6.5963156!4d106.806075!16s%2Fg%2F11q2hwtyxz!19sChIJ4ytpu3PFaS4RH1PSN75fvyY?authuser=0&hl=en&rclk=1,"Lili seduh saji",Cafe,"Jl. Taman Malabar No.5, RT.01/RW.04, Babakan, Kecamatan Bogor Tengah, Kota Bogor, Jawa Barat 16128",4.8,183,"Rp 25-50K",46,"Rp 1-25.000, Rp 25.000-50.000, Rp 50.000-75.000","9%, 76%, 13%",Closed,Closed,"8.00 am","9.00 pm","8.00 am","9.00 pm","8.00 am","9.00 pm","8.00 am","9.00 pm","8.00 am","9.00 pm","8.00 am","9.00 pm"
81,0x2e69c53c88f7cd9d:0xbf3d796c7e0a6909,https://www.google.com/maps/place/Kafe+Studente+Yasmin/data=!4m7!3m6!1s0x2e69c53c88f7cd9d:0xbf3d796c7e0a6909!8m2!3d-6.5611524!4d106.7659084!16s%2Fg%2F11flt1d1mf!19sChIJnc33iDzFaS4RCWkKfmx5Pb8?authuser=0&hl=en&rclk=1,"Kafe Studente Yasmin","Coffee shop","Ringroad Utara, Jl. KH. R. Abdullah Bin Nuh Jl. Ring Road Taman Yasmin, Curugmekar, Kec. Bogor Bar., Kota Bogor, Jawa Barat 16118",4.8,493,"Rp 25-50K",78,"Rp 1-25.000, Rp 25.000-50.000, Rp 50.000-75.000, Rp 75.000-100.000","3%, 46%, 33%, 17%","9.00 am","10.00 pm","9.00 am","10.00 pm","9.00 am","10.00 pm","9.00 am","10.00 pm","9.00 am","10.00 pm","9.00 am","10.00 pm","9.00 am","10.00 pm"
82,0x2e69c5ffb43afb5b:0x2ee5d5f90c61fe4b,https://www.google.com/maps/place/RP+House+BOGOR+by+KOPI+KAMU/data=!4m7!3m6!1s0x2e69c5ffb43afb5b:0x2ee5d5f90c61fe4b!8m2!3d-6.5842442!4d106.8002797!16s%2Fg%2F11g0gcqql0!19sChIJW_s6tP_FaS4RS_5hDPnV5S4?authuser=0&hl=en&rclk=1,"RP House BOGOR by KOPI KAMU","Coffee shop","Jl. Ciremei Ujung No.20, RT.05/RW.03, Bantarjati, Kec. Bogor Utara, Kota Bogor, Jawa Barat 16153",4.8,27,"Rp 25-50K",3,"Rp 1-25.000, Rp 25.000-50.000, Rp 50.000-75.000","0%, 100%, 0%","9.00 am","8.00 pm",Closed,Closed,"9.00 am","8.00 pm","9.00 am","8.00 pm","9.00 am","8.00 pm","9.00 am","8.00 pm","9.00 am","8.00 pm"
83,0x2e69c53ab75dcbf5:0x45dee8d04996110,https://www.google.com/maps/place/High+%26+Dry+Coffee+Company/data=!4m7!3m6!1s0x2e69c53ab75dcbf5:0x45dee8d04996110!8m2!3d-6.6075948!4d106.7948644!16s%2Fg%2F11qpzqhq9j!19sChIJ9ctdtzrFaS4REGGZBI3uXQQ?authuser=0&hl=en&rclk=1,"High & Dry Coffee Company","Coffee shop","Jl. Empang No.12, Empang, Kec. Bogor Sel., Kota Bogor, Jawa Barat 16132",4.9,56,"Rp 1-25.000",17,"Rp 1-25.000, Rp 25.000-50.000, Rp 50.000-75.000","65%, 35%, 0%","7.00 am","8.00 pm","7.00 am","8.00 pm","7.00 am","8.00 pm","7.00 am","8.00 pm","7.00 am","8.00 pm","7.00 am","8.00 pm","7.00 am","8.00 pm"
84,0x2e69c5e09ed5057d:0x4ae24b5e79d72c09,https://www.google.com/maps/place/BUITENS/data=!4m7!3m6!1s0x2e69c5e09ed5057d:0x4ae24b5e79d72c09!8m2!3d-6.5698506!4d106.8000277!16s%2Fg%2F11jsznnzmj!19sChIJfQXVnuDFaS4RCSzXeV5L4ko?authuser=0&hl=en&rclk=1,BUITENS,Cafe,"Jl. Puter No.07, RT.03/RW.06, Tanah Sareal, Kec. Tanah Sereal, Kota Bogor, Jawa Barat 16161",4.6,194,"Rp 25-50K",90,"Rp 1-25.000, Rp 25.000-50.000, Rp 50.000-75.000, Rp 75.000-100.000","0%, 39%, 38%, 16%","9.00 am","10.00 pm","9.00 am","10.00 pm","9.00 am","10.00 pm","9.00 am","10.00 pm","9.00 am","10.00 pm","8.00 am","10.30 pm","8.00 am","10.30 pm"
85,0x2e69c5e896a95651:0x6d5aafa75bd5ebc8,https://www.google.com/maps/place/Point+Coffee/data=!4m7!3m6!1s0x2e69c5e896a95651:0x6d5aafa75bd5ebc8!8m2!3d-6.6099558!4d106.7924786!16s%2Fg%2F11hfqxc2t3!19sChIJUVaplujFaS4RyOvVW6evWm0?authuser=0&hl=en&rclk=1,"Point Coffee","Coffee shop","Jl. Kapten Yusuf No.11, RT.02/RW.08, RT.02/RW.08, Kp. Parung Jambu, Pasir Jaya, Kec. Bogor Bar., Kota Bogor, Jawa Barat 16119",4.7,27,"Rp 25-50K",4,"Rp 1-25.000, Rp 25.000-50.000, Rp 50.000-75.000","25%, 75%, 0%","9.00 am","9.00 pm","9.00 am","9.00 pm","9.00 am","9.00 pm","9.00 am","9.00 pm","9.00 am","9.00 pm","9.00 am","9.00 pm","9.00 am","9.00 pm"
86,0x2e69c56d719e6b49:0x2f85aa9073895aec,https://www.google.com/maps/place/Popolo+Coffee+Mini/data=!4m7!3m6!1s0x2e69c56d719e6b49:0x2f85aa9073895aec!8m2!3d-6.6092842!4d106.8169335!16s%2Fg%2F11mpfw8t65!19sChIJSWuecW3FaS4R7FqJc5CqhS8?authuser=0&hl=en&rclk=1,"Popolo Coffee Mini","Coffee shop","Jl. Rena Wijaya, RT.08/RW.14, Baranangsiang, Kec. Bogor Tim., Kota Bogor, Jawa Barat 16143",4.7,303,"Rp 25-50K",94,"Rp 1-25.000, Rp 25.000-50.000, Rp 50.000-75.000, Rp 75.000-100.000","2%, 54%, 32%, 9%","9.00 am","8.00 pm","9.00 am","8.00 pm","9.00 am","8.00 pm","9.00 am","8.00 pm","9.00 am","8.00 pm","8.00 am","8.00 pm",Closed,Closed
87,0x2e69c72f564dcf9f:0x5b685c1333eab7eb,https://www.google.com/maps/place/Point+Coffee/data=!4m7!3m6!1s0x2e69c72f564dcf9f:0x5b685c1333eab7eb!8m2!3d-6.5756508!4d106.8381015!16s%2Fg%2F11fl3yc02d!19sChIJn89NVi_HaS4R67fqMxNcaFs?authuser=0&hl=en&rclk=1,"Point Coffee","Coffee shop","Cimahpar, Bogor Utara, Bogor City, West Java 16710",4.6,644,"Rp 25-50K",71,"Rp 1-25.000, Rp 25.000-50.000, Rp 50.000-75.000, Rp 75.000-100.000","27%, 59%, 6%, 6%","Open 24 hours","Open 24 hours","Open 24 hours","Open 24 hours","Open 24 hours","Open 24 hours","Open 24 hours","Open 24 hours","Open 24 hours","Open 24 hours","Open 24 hours","Open 24 hours","Open 24 hours","Open 24 hours"
88,0x2e69c54099124615:0x24bba5258fd7cc7,https://www.google.com/maps/place/AR+Carwash+%26+KumenAnti+Coffee/data=!4m7!3m6!1s0x2e69c54099124615:0x24bba5258fd7cc7!8m2!3d-6.5661295!4d106.7841432!16s%2Fg%2F11rfkjqbfj!19sChIJFUYSmUDFaS4Rx3z9WFK6SwI?authuser=0&hl=en&rclk=1,"AR Carwash & KumenAnti Coffee","Coffee shop","Jl. Raya Taman Cimanggu No.47A, RT.03/RW.15, Kedung Waringin, Kec. Tanah Sereal, Kota Bogor, Jawa Barat 16163",4.5,341,"Rp 25-50K",70,"Rp 1-25.000, Rp 25.000-50.000, Rp 50.000-75.000, Rp 75.000-100.000","3%, 60%, 27%, 9%","7.30 am","9.00 pm","7.30 am","9.00 pm","7.30 am","9.00 pm","7.30 am","9.00 pm","7.30 am","9.00 pm","7.30 am","10.00 pm","7.30 am","10.00 pm"
89,0x2e69c58817e59f5d:0x63dcdff7e09296db,https://www.google.com/maps/place/Cinta+Lagi+Coffee/data=!4m7!3m6!1s0x2e69c58817e59f5d:0x63dcdff7e09296db!8m2!3d-6.623332!4d106.8119008!16s%2Fg%2F11k2bbqqhc!19sChIJXZ_lF4jFaS4R25aS4Pff3GM?authuser=0&hl=en&rclk=1,"Cinta Lagi Coffee","Coffee shop","Jl. Lawang Gintung No.57, RT.02/RW.06, Lawanggintung, Kec. Bogor Sel., Kota Bogor, Jawa Barat 16134",4.6,194,"Rp 25-50K",21,"Rp 1-25.000, Rp 25.000-50.000, Rp 50.000-75.000, Rp 75.000-100.000","5%, 71%, 5%, 10%","9.01 am","9.00 pm","9.01 am","9.00 pm","9.01 am","9.00 pm","9.01 am","9.00 pm","9.01 am","9.00 pm","9.01 am","9.00 pm","9.01 am","9.00 pm"
90,0x2e69c5eac080f527:0x2e4b61c1adb47cda,https://www.google.com/maps/place/UD.+Djaya+Coffee+House+-+Puter/data=!4m7!3m6!1s0x2e69c5eac080f527:0x2e4b61c1adb47cda!8m2!3d-6.5702285!4d106.7999783!16s%2Fg%2F11t5xh3l2r!19sChIJJ_WAwOrFaS4R2ny0rcFhSy4?authuser=0&hl=en&rclk=1,"UD. Djaya Coffee House - Puter","Coffee shop","Jl. Puter No.4, Tanah Sareal, Kec. Tanah Sereal, Kota Bogor, Jawa Barat 16161",4.8,374,"Rp 25-50K",160,"Rp 1-25.000, Rp 25.000-50.000, Rp 50.000-75.000, Rp 75.000-100.000","4%, 63%, 25%, 6%","9.00 am","10.00 pm","9.00 am","10.00 pm","9.00 am","10.00 pm","9.00 am","10.00 pm","9.00 am","10.00 pm","9.00 am","10.00 pm","9.00 am","10.00 pm"
91,0x2e69c52940856c0d:0x487d22e2073feec4,https://www.google.com/maps/place/Genus+Coffee+%26+Boutique/data=!4m7!3m6!1s0x2e69c52940856c0d:0x487d22e2073feec4!8m2!3d-6.5611108!4d106.7494972!16s%2Fg%2F11scn63mr5!19sChIJDWyFQCnFaS4RxO4_B-IifUg?authuser=0&hl=en&rclk=1,"Genus Coffee & Boutique","Coffee shop","Jl. Raya Cifor No.8, RT.01/RW.05, Situgede, Kec. Bogor Bar., Kota Bogor, Jawa Barat 16115",4.8,597,"Rp 25-50K",183,"Rp 1-25.000, Rp 25.000-50.000, Rp 50.000-75.000, Rp 75.000-100.000","5%, 58%, 25%, 7%","9.00 am","11.30 pm","9.00 am","11.30 pm","9.00 am","11.30 pm","9.00 am","11.30 pm","10.00 am","11.30 pm","9.00 am","11.30 pm","9.00 am","11.30 pm"
92,0x2e69c51aed89f507:0x4b017a155192acab,https://www.google.com/maps/place/1996+Coffee+%26+Talk/data=!4m7!3m6!1s0x2e69c51aed89f507:0x4b017a155192acab!8m2!3d-6.5698722!4d106.8118357!16s%2Fg%2F11h54gmy3z!19sChIJB_WJ7RrFaS4Rq6ySURV6AUs?authuser=0&hl=en&rclk=1,"1996 Coffee & Talk","Coffee shop","Jl. Achmad Adnawijaya No.9, RT.06/RW.15, Bantarjati, Kec. Bogor Utara, Kota Bogor, Jawa Barat 16153",4.8,51,NULL,NULL,NULL,NULL,"9.30 am","11.00 pm","9.30 am","11.00 pm","9.30 am","11.00 pm","9.30 am","11.00 pm","9.30 am","12.00 am","9.30 am","12.00 am","9.30 am","11.00 pm"
93,0x2e69c573bb692be3:0x26bf5fbe37d2531f,https://www.google.com/maps/place/Lili+seduh+saji/data=!4m7!3m6!1s0x2e69c573bb692be3:0x26bf5fbe37d2531f!8m2!3d-6.5963156!4d106.806075!16s%2Fg%2F11q2hwtyxz!19sChIJ4ytpu3PFaS4RH1PSN75fvyY?authuser=0&hl=en&rclk=1,"Lili seduh saji",Cafe,"Jl. Taman Malabar No.5, RT.01/RW.04, Babakan, Kecamatan Bogor Tengah, Kota Bogor, Jawa Barat 16128",4.8,183,"Rp 25-50K",46,"Rp 1-25.000, Rp 25.000-50.000, Rp 50.000-75.000","9%, 76%, 13%",Closed,Closed,"8.00 am","9.00 pm","8.00 am","9.00 pm","8.00 am","9.00 pm","8.00 am","9.00 pm","8.00 am","9.00 pm","8.00 am","9.00 pm"
94,0x2e69c5bd6fd82295:0x82b9afc1f30eefb0,https://www.google.com/maps/place/Kopi+Kenangan+-+Ruko+Sudirman+Bogor/data=!4m7!3m6!1s0x2e69c5bd6fd82295:0x82b9afc1f30eefb0!8m2!3d-6.5818811!4d106.7969521!16s%2Fg%2F11rf7mgjj5!19sChIJlSLYb73FaS4RsO8O88GvuYI?authuser=0&hl=en&rclk=1,"Kopi Kenangan - Ruko Sudirman Bogor","Coffee shop","Jl. Jend. Sudirman No.60, RT.03/RW.05, Sempur, Kecamatan Bogor Tengah, Kota Bogor, Jawa Barat 16121",4.6,126,"Rp 25-50K",35,"Rp 1-25.000, Rp 25.000-50.000, Rp 50.000-75.000","34%, 49%, 11%","9.00 am","9.00 pm","9.00 am","9.00 pm","9.00 am","9.00 pm","9.00 am","9.00 pm","9.00 am","10.00 pm","9.00 am","10.00 pm","9.00 am","10.00 pm"
95,0x2e69c51629f05fcf:0xfeecf5f3e96d44aa,https://www.google.com/maps/place/UD.+Djaya+Coffee+House+-+Cimanggu/data=!4m7!3m6!1s0x2e69c51629f05fcf:0xfeecf5f3e96d44aa!8m2!3d-6.564085!4d106.7886793!16s%2Fg%2F11r3tv9js6!19sChIJz1_wKRbFaS4RqkRt6fP17P4?authuser=0&hl=en&rclk=1,"UD. Djaya Coffee House - Cimanggu","Coffee shop","Jl. Singosari, Jl. Dahlia Mesjid Blk. A1 Perumahan Cimanggu Permai No.1, RT.04/RW.06, Kedung Jaya, Kec. Tanah Sereal, Kota Bogor, Jawa Barat 16164",4.8,148,"Rp 25-50K",30,"Rp 1-25.000, Rp 25.000-50.000, Rp 50.000-75.000","17%, 67%, 17%","8.00 am","9.00 pm","8.00 am","9.00 pm","8.00 am","9.00 pm","8.00 am","9.00 pm","8.00 am","9.00 pm","8.00 am","9.00 pm","8.00 am","9.00 pm"
96,0x2e69c5f34a6feb0b:0x7ad31a283bbccf91,https://www.google.com/maps/place/DARI+BHUMI/data=!4m7!3m6!1s0x2e69c5f34a6feb0b:0x7ad31a283bbccf91!8m2!3d-6.572731!4d106.8029708!16s%2Fg%2F11sdz6ps42!19sChIJC-tvSvPFaS4Rkc-8Oyga03o?authuser=0&hl=en&rclk=1,"DARI BHUMI","Coffee shop","Jl. A. Yani No.94 B, RT.01/RW.03, Tanah Sareal, Kec. Tanah Sereal, Kota Bogor, Jawa Barat 16161",4.6,93,"Rp 25-50K",31,"Rp 1-25.000, Rp 25.000-50.000, Rp 50.000-75.000, Rp 75.000-100.000, Rp 100.000-125.000","6%, 39%, 23%, 6%, 6%","Open 24 hours","Open 24 hours","Open 24 hours","Open 24 hours","Open 24 hours","Open 24 hours","Open 24 hours","Open 24 hours","Open 24 hours","Open 24 hours","Open 24 hours","Open 24 hours","Open 24 hours","Open 24 hours"
97,0x2e69c5fdfd540001:0x771bdfe6ad283e4f,https://www.google.com/maps/place/Eiger+Coffee/data=!4m7!3m6!1s0x2e69c5fdfd540001:0x771bdfe6ad283e4f!8m2!3d-6.6224367!4d106.8171173!16s%2Fg%2F11p068_wbl!19sChIJAQBU_f3FaS4RTz4orebfG3c?authuser=0&hl=en&rclk=1,"Eiger Coffee","Coffee shop","Jl. Siliwangi No.70, RW.04, Sukasari, Kec. Bogor Tim., Kota Bogor, Jawa Barat 16131",4.5,30,"Rp 25-50K",14,"Rp 1-25.000, Rp 25.000-50.000, Rp 50.000-75.000, Rp 75.000-100.000, Rp 100.000-125.000","14%, 71%, 0%, 7%, 7%","9.00 am","10.00 pm","9.00 am","10.00 pm","9.00 am","10.00 pm","9.00 am","10.00 pm","9.00 am","10.00 pm","9.00 am","10.00 pm","9.00 am","10.00 pm"
98,0x2e69c5c31b86f68d:0x575de4275161de4e,https://www.google.com/maps/place/Kopi+Kebun+Coffee+Crafter/data=!4m7!3m6!1s0x2e69c5c31b86f68d:0x575de4275161de4e!8m2!3d-6.5677224!4d106.8022075!16s%2Fg%2F11h3zphjk2!19sChIJjfaGG8PFaS4RTt5hUSfkXVc?authuser=0&hl=en&rclk=1,"Kopi Kebun Coffee Crafter","Coffee shop","Jl. Ciung No.3, RT.04/RW.05, Tanah Sareal, Kec. Tanah Sereal, Kota Bogor, Jawa Barat 16161",4.8,104,"Rp 25-50K",11,"Rp 1-25.000, Rp 25.000-50.000, Rp 50.000-75.000","27%, 64%, 9%","8.00 am","10.00 pm","8.00 am","10.00 pm","8.00 am","10.00 pm","8.00 am","10.00 pm","8.00 am","12.00 am","8.00 am","12.00 am","8.00 am","10.00 pm"
99,0x2e69c5f1478fd1e1:0x6aa09ce0b570e5a5,https://www.google.com/maps/place/Cafe+de+Aut/data=!4m7!3m6!1s0x2e69c5f1478fd1e1:0x6aa09ce0b570e5a5!8m2!3d-6.6098269!4d106.8044633!16s%2Fg%2F11hmsjvr8m!19sChIJ4dGPR_HFaS4RpeVwteCcoGo?authuser=0&hl=en&rclk=1,"Cafe de Aut",Cafe,"Suryakencana St No.287, RT.04/RW.02, Babakan Pasar, Bogor Tengah, Bogor City, West Java 16123",4.9,194,"Rp 25-50K",91,"Rp 1-25.000, Rp 25.000-50.000, Rp 50.000-75.000","10%, 74%, 9%",NULL,NULL,NULL,NULL,NULL,NULL,NULL,NULL,NULL,NULL,NULL,NULL,NULL,NULL
100,0x2e69c507df3a3189:0x369ac4c458a71f24,https://www.google.com/maps/place/Koffie+By+Sarah+%28KBS%29/data=!4m7!3m6!1s0x2e69c507df3a3189:0x369ac4c458a71f24!8m2!3d-6.6229122!4d106.8249575!16s%2Fg%2F11ns91y8dy!19sChIJiTE63wfFaS4RJB-nWMTEmjY?authuser=0&hl=en&rclk=1,"Koffie By Sarah (KBS)",Cafe,"Jl. Parung Banteng No.89, RT.02/RW.01, Katulampa, Kec. Bogor Tim., Kota Bogor, Jawa Barat 16144",4.8,287,"Rp 25-50K",58,"Rp 1-25.000, Rp 25.000-50.000, Rp 50.000-75.000, Rp 75.000-100.000","3%, 47%, 34%, 9%",Closed,Closed,"9.00 am","8.00 pm","9.00 am","8.00 pm","9.00 am","8.00 pm","9.00 am","8.00 pm","8.30 am","9.00 pm","8.30 am","8.00 pm"
